region;route;root;signage
ENG;A1;eng.a0001lon;both
ENG;A1;eng.a0001stn;primary
ENG;A1;eng.a0001;primary
ENG;A1;eng.a0001wen;primary
ENG;A1;eng.a0001new;primary
SCT;A1;sct.a0001;both
ENG;A2;eng.a0002;both
ENG;A3;eng.a0003;both
ENG;A4;eng.a0004;both
ENG;A4;eng.a0004avo;both
ENG;A5;eng.a0005lon;both
ENG;A5;eng.a0005;both
WLS;A5;wls.a0005;both
ENG;A6;eng.a0006;both
ENG;A6;eng.a0006pre;both
SCT;A7;sct.a0007;both
ENG;A7;eng.a0007;both
SCT;A8;sct.a0008edi;non-primary
SCT;A8;sct.a0008;both
SCT;A9;sct.a0009;both
ENG;A10;eng.a0010;both
ENG;A10;eng.a0010gta;primary
ENG;A11;eng.a0011lon;primary
ENG;A11;eng.a0011;both
ENG;A12;eng.a0012;primary
ENG;A13;eng.a0013;both
ENG;A14;eng.a0014;primary
ENG;A15;eng.a0015;both
ENG;A15;eng.a0015pet;primary
ENG;A16;eng.a0016;primary
ENG;A17;eng.a0017;primary
ENG;A18;eng.a0018;both
ENG;A19;eng.a0019;both
ENG;A20;eng.a0020;both
ENG;A21;eng.a0021;both
ENG;A22;eng.a0022;primary
ENG;A23;eng.a0023;both
ENG;A24;eng.a0024;both
ENG;A25;eng.a0025;both
ENG;A26;eng.a0026mai;both
ENG;A26;eng.a0026;primary
ENG;A27;eng.a0027;both
ENG;A28;eng.a0028;both
ENG;A29;eng.a0029;non-primary
ENG;A30;eng.a0030;both
ENG;A31;eng.a0031alt;both
ENG;A31;eng.a0031;primary
ENG;A32;eng.a0032;non-primary
ENG;A33;eng.a0033;both
ENG;A34;eng.a0034;primary
ENG;A34;eng.a0034bir;both
ENG;A35;eng.a0035;both
ENG;A35;eng.a0035bas;non-primary
ENG;A36;eng.a0036;both
ENG;A36;eng.a0036owe;primary
ENG;A37;eng.a0037;primary
ENG;A38;eng.a0038;both
ENG;A38;eng.a0038tau;both
ENG;A38;eng.a0038wor;both
ENG;A38;eng.a0038der;primary
ENG;A39;eng.a0039;both
ENG;A39;eng.a0039bri;both
ENG;A40;eng.a0040lon;non-primary
ENG;A40;eng.a0040;both
WLS;A40;wls.a0040;primary
WLS;A40;wls.a0040hav;both
ENG;A41;eng.a0041lon;both
ENG;A41;eng.a0041;both
ENG;A42;eng.a0042;primary
ENG;A43;eng.a0043;primary
ENG;A44;eng.a0044;both
WLS;A44;wls.a0044;primary
ENG;A44;eng.a0044chi;primary
ENG;A44;eng.a0044whi;primary
ENG;A45;eng.a0045;primary
ENG;A46;eng.a0046str;both
ENG;A46;eng.a0046;both
ENG;A47;eng.a0047bir;non-primary
ENG;A47;eng.a0047;both
ENG;A48;eng.a0048;primary
WLS;A48;wls.a0048;both
ENG;A49;eng.a0049;both
ENG;A50;eng.a0050;both
ENG;A50;eng.a0050war;both
ENG;A51;eng.a0051;both
ENG;A52;eng.a0052;both
ENG;A53;eng.a0053;primary
ENG;A54;eng.a0054;both
WLS;A55;wls.a0055;primary
ENG;A55;eng.a0055;primary
ENG;A56;eng.a0056;both
ENG;A57;eng.a0057liv;both
ENG;A57;eng.a0057;both
ENG;A58;eng.a0058;both
ENG;A58;eng.a0058wet;both
ENG;A59;eng.a0059;both
ENG;A60;eng.a0060;both
ENG;A61;eng.a0061;both
ENG;A61;eng.a0061she;primary
ENG;A62;eng.a0062;both
ENG;A62;eng.a0062hud;primary
ENG;A63;eng.a0063;primary
ENG;A64;eng.a0064;primary
ENG;A65;eng.a0065;both
ENG;A66;eng.a0066;primary
ENG;A66;eng.a0066tee;primary
ENG;A67;eng.a0067;both
ENG;A68;eng.a0068;both
SCT;A68;sct.a0068;primary
ENG;A69;eng.a0069;both
SCT;A70;sct.a0070;non-primary
SCT;A71;sct.a0071;non-primary
SCT;A72;sct.a0072;non-primary
SCT;A73;sct.a0073;non-primary
SCT;A74;sct.a0074;non-primary
SCT;A75;sct.a0075;primary
SCT;A76;sct.a0076;both
SCT;A77;sct.a0077;both
SCT;A78;sct.a0078;primary
SCT;A79;sct.a0079;non-primary
SCT;A80;sct.a0080;non-primary
SCT;A81;sct.a0081;non-primary
SCT;A82;sct.a0082;both
SCT;A83;sct.a0083;primary
SCT;A84;sct.a0084;both
SCT;A85;sct.a0085;both
SCT;A86;sct.a0086;primary
SCT;A87;sct.a0087;primary
SCT;A88;sct.a0088;non-primary
SCT;A89;sct.a0089;non-primary
SCT;A90;sct.a0090edi;both
SCT;A90;sct.a0090;primary
SCT;A91;sct.a0091;non-primary
SCT;A92;sct.a0092;both
SCT;A93;sct.a0093;non-primary
SCT;A94;sct.a0094;non-primary
SCT;A95;sct.a0095;both
SCT;A96;sct.a0096;both
SCT;A97;sct.a0097;non-primary
SCT;A98;sct.a0098;non-primary
SCT;A99;sct.a0099;both
ENG;A100;eng.a0100;both
ENG;A101;eng.a0101;non-primary
ENG;A102;eng.a0102hom;non-primary
ENG;A102;eng.a0102;primary
ENG;A103;eng.a0103;non-primary
ENG;A104;eng.a0104;non-primary
ENG;A105;eng.a0105;non-primary
ENG;A106;eng.a0106;non-primary
ENG;A107;eng.a0107;non-primary
ENG;A109;eng.a0109;non-primary
ENG;A110;eng.a0110;non-primary
ENG;A111;eng.a0111;non-primary
ENG;A112;eng.a0112;non-primary
ENG;A113;eng.a0113;non-primary
ENG;A114;eng.a0114;non-primary
ENG;A116;eng.a0116;non-primary
ENG;A117;eng.a0117;both
ENG;A118;eng.a0118;non-primary
ENG;A119;eng.a0119;non-primary
ENG;A120;eng.a0120;primary
ENG;A121;eng.a0121;non-primary
ENG;A123;eng.a0123;non-primary
ENG;A124;eng.a0124;non-primary
ENG;A125;eng.a0125;non-primary
ENG;A126;eng.a0126;non-primary
ENG;A127;eng.a0127;primary
ENG;A128;eng.a0128;non-primary
ENG;A129;eng.a0129;non-primary
ENG;A130;eng.a0130;both
ENG;A131;eng.a0131;primary
ENG;A131;eng.a0131sud;non-primary
ENG;A132;eng.a0132;non-primary
ENG;A133;eng.a0133;both
ENG;A134;eng.a0134;both
ENG;A135;eng.a0135;non-primary
ENG;A136;eng.a0136;primary
ENG;A137;eng.a0137;non-primary
ENG;A138;eng.a0138;non-primary
ENG;A139;eng.a0139;non-primary
ENG;A140;eng.a0140;primary
ENG;A141;eng.a0141;primary
ENG;A142;eng.a0142;both
ENG;A143;eng.a0143;both
ENG;A144;eng.a0144;non-primary
ENG;A145;eng.a0145;non-primary
ENG;A146;eng.a0146;primary
ENG;A147;eng.a0147;non-primary
ENG;A148;eng.a0148;both
ENG;A149;eng.a0149;both
ENG;A151;eng.a0151;both
ENG;A152;eng.a0152;non-primary
ENG;A153;eng.a0153;non-primary
ENG;A154;eng.a0154;non-primary
ENG;A155;eng.a0155;non-primary
ENG;A156;eng.a0156;primary
ENG;A157;eng.a0157;non-primary
ENG;A158;eng.a0158;primary
ENG;A159;eng.a0159;primary
ENG;A160;eng.a0160;primary
ENG;A161;eng.a0161;non-primary
ENG;A162;eng.a0162;both
ENG;A163;eng.a0163;non-primary
ENG;A164;eng.a0164;both
ENG;A165;eng.a0165;both
ENG;A166;eng.a0166;primary
ENG;A167;eng.a0167;both
ENG;A167;eng.a0167nun;primary
ENG;A167;eng.a0167bla;non-primary
ENG;A168;eng.a0168;both
ENG;A169;eng.a0169;both
ENG;A170;eng.a0170;primary
ENG;A171;eng.a0171;both
ENG;A172;eng.a0172;both
ENG;A173;eng.a0173;non-primary
ENG;A174;eng.a0174;both
ENG;A176;eng.a0176;non-primary
ENG;A177;eng.a0177;non-primary
ENG;A178;eng.a0178mid;non-primary
ENG;A178;eng.a0178;non-primary
ENG;A179;eng.a0179;primary
ENG;A180;eng.a0180;both
ENG;A181;eng.a0181;non-primary
ENG;A182;eng.a0182;non-primary
ENG;A183;eng.a0183;both
ENG;A184;eng.a0184;both
ENG;A185;eng.a0185;non-primary
ENG;A186;eng.a0186;non-primary
ENG;A187;eng.a0187;non-primary
ENG;A188;eng.a0188;non-primary
ENG;A189;eng.a0189;both
ENG;A190;eng.a0190;non-primary
ENG;A191;eng.a0191;non-primary
ENG;A192;eng.a0192;non-primary
ENG;A193;eng.a0193;non-primary
ENG;A194;eng.a0194;both
ENG;A195;eng.a0195;non-primary
ENG;A196;eng.a0196;non-primary
ENG;A197;eng.a0197;non-primary
SCT;A198;sct.a0198;non-primary
SCT;A199;sct.a0199;non-primary
ENG;A200;eng.a0200;non-primary
ENG;A201;eng.a0201;non-primary
ENG;A202;eng.a0202;primary
ENG;A203;eng.a0203;primary
ENG;A204;eng.a0204;non-primary
ENG;A205;eng.a0205;primary
ENG;A206;eng.a0206;non-primary
ENG;A207;eng.a0207;non-primary
ENG;A208;eng.a0208;non-primary
ENG;A209;eng.a0209;non-primary
ENG;A210;eng.a0210;both
ENG;A211;eng.a0211;non-primary
ENG;A212;eng.a0212;non-primary
ENG;A212;eng.a0212cro;non-primary
ENG;A213;eng.a0213;non-primary
ENG;A214;eng.a0214;both
ENG;A215;eng.a0215;non-primary
ENG;A216;eng.a0216;non-primary
ENG;A217;eng.a0217;both
ENG;A218;eng.a0218;non-primary
ENG;A219;eng.a0219;non-primary
ENG;A220;eng.a0220;non-primary
ENG;A221;eng.a0221;non-primary
ENG;A222;eng.a0222;non-primary
ENG;A222;eng.a0222cro;non-primary
ENG;A223;eng.a0223;non-primary
ENG;A223;eng.a0223orp;non-primary
ENG;A224;eng.a0224;non-primary
ENG;A225;eng.a0225;non-primary
ENG;A225;eng.a0225dar;non-primary
ENG;A226;eng.a0226;non-primary
ENG;A227;eng.a0227;non-primary
ENG;A228;eng.a0228;both
ENG;A229;eng.a0229;both
ENG;A230;eng.a0230;non-primary
ENG;A231;eng.a0231;non-primary
ENG;A232;eng.a0232;both
ENG;A233;eng.a0233;non-primary
ENG;A234;eng.a0234;non-primary
ENG;A235;eng.a0235tho;non-primary
ENG;A235;eng.a0235;non-primary
ENG;A236;eng.a0236;non-primary
ENG;A237;eng.a0237;non-primary
ENG;A238;eng.a0238;non-primary
ENG;A239;eng.a0239;non-primary
ENG;A240;eng.a0240;both
ENG;A242;eng.a0242;non-primary
ENG;A243;eng.a0243;both
ENG;A244;eng.a0244;non-primary
ENG;A245;eng.a0245;non-primary
ENG;A246;eng.a0246;non-primary
ENG;A247;eng.a0247;non-primary
ENG;A248;eng.a0248;non-primary
ENG;A249;eng.a0249;primary
ENG;A250;eng.a0250;non-primary
ENG;A251;eng.a0251;both
ENG;A252;eng.a0252;non-primary
ENG;A253;eng.a0253;primary
ENG;A254;eng.a0254;non-primary
ENG;A255;eng.a0255;non-primary
ENG;A256;eng.a0256;both
ENG;A257;eng.a0257;non-primary
ENG;A258;eng.a0258;non-primary
ENG;A259;eng.a0259;both
ENG;A260;eng.a0260;non-primary
ENG;A261;eng.a0261;non-primary
ENG;A262;eng.a0262;non-primary
ENG;A264;eng.a0264;both
ENG;A265;eng.a0265;non-primary
ENG;A267;eng.a0267;non-primary
ENG;A268;eng.a0268;non-primary
ENG;A269;eng.a0269;non-primary
ENG;A270;eng.a0270;non-primary
ENG;A271;eng.a0271;non-primary
ENG;A272;eng.a0272;both
ENG;A273;eng.a0273;non-primary
ENG;A274;eng.a0274;non-primary
ENG;A275;eng.a0275;non-primary
ENG;A277;eng.a0277;non-primary
ENG;A278;eng.a0278;non-primary
ENG;A280;eng.a0280;both
ENG;A281;eng.a0281;non-primary
ENG;A282;eng.a0282;primary
ENG;A283;eng.a0283;both
ENG;A284;eng.a0284;non-primary
ENG;A285;eng.a0285;non-primary
ENG;A286;eng.a0286;non-primary
ENG;A287;eng.a0287;non-primary
ENG;A288;eng.a0288;non-primary
ENG;A289;eng.a0289;non-primary
ENG;A290;eng.a0290;non-primary
ENG;A291;eng.a0291;non-primary
ENG;A292;eng.a0292;non-primary
ENG;A293;eng.a0293;non-primary
ENG;A295;eng.a0295;non-primary
ENG;A296;eng.a0296;non-primary
ENG;A297;eng.a0297;primary
ENG;A298;eng.a0298;non-primary
ENG;A299;eng.a0299;primary
ENG;A300;eng.a0300;non-primary
ENG;A301;eng.a0301;non-primary
ENG;A302;eng.a0302;both
ENG;A303;eng.a0303;primary
ENG;A304;eng.a0304;non-primary
ENG;A305;eng.a0305;non-primary
ENG;A306;eng.a0306;both
ENG;A306;eng.a0306ham;non-primary
ENG;A307;eng.a0307;non-primary
ENG;A308;eng.a0308ful;non-primary
ENG;A308;eng.a0308;both
ENG;A309;eng.a0309;primary
ENG;A309;eng.a0309ted;non-primary
ENG;A310;eng.a0310;non-primary
ENG;A311;eng.a0311;non-primary
ENG;A312;eng.a0312;both
ENG;A313;eng.a0313;non-primary
ENG;A314;eng.a0314;non-primary
ENG;A315;eng.a0315;non-primary
ENG;A316;eng.a0316;both
ENG;A317;eng.a0317;non-primary
ENG;A318;eng.a0318;non-primary
ENG;A319;eng.a0319;non-primary
ENG;A320;eng.a0320;non-primary
ENG;A321;eng.a0321;non-primary
ENG;A322;eng.a0322;both
ENG;A323;eng.a0323;non-primary
ENG;A324;eng.a0324;non-primary
ENG;A325;eng.a0325;non-primary
ENG;A326;eng.a0326;non-primary
ENG;A326;eng.a0326hou;non-primary
ENG;A327;eng.a0327;non-primary
ENG;A328;eng.a0328;non-primary
ENG;A329;eng.a0329;both
ENG;A329;eng.a0329rea;non-primary
ENG;A330;eng.a0330;non-primary
ENG;A331;eng.a0331;both
ENG;A332;eng.a0332;non-primary
ENG;A333;eng.a0333;non-primary
ENG;A334;eng.a0334;non-primary
ENG;A335;eng.a0335;non-primary
ENG;A335;eng.a0335cha;non-primary
ENG;A336;eng.a0336;non-primary
ENG;A337;eng.a0337;non-primary
ENG;A338;eng.a0338;both
ENG;A339;eng.a0339;both
ENG;A340;eng.a0340;non-primary
ENG;A341;eng.a0341;non-primary
ENG;A342;eng.a0342;non-primary
ENG;A343;eng.a0343;non-primary
ENG;A345;eng.a0345;non-primary
ENG;A345;eng.a0345upa;non-primary
ENG;A346;eng.a0346;both
ENG;A347;eng.a0347;non-primary
ENG;A348;eng.a0348;primary
ENG;A349;eng.a0349;non-primary
ENG;A349;eng.a0349poo;non-primary
ENG;A350;eng.a0350;primary
ENG;A350;eng.a0350poo;non-primary
ENG;A351;eng.a0351;non-primary
ENG;A352;eng.a0352;non-primary
ENG;A353;eng.a0353;non-primary
ENG;A354;eng.a0354;primary
ENG;A355;eng.a0355;both
ENG;A356;eng.a0356;non-primary
ENG;A357;eng.a0357;non-primary
ENG;A358;eng.a0358;both
ENG;A359;eng.a0359;non-primary
ENG;A360;eng.a0360;non-primary
ENG;A361;eng.a0361bar;both
ENG;A361;eng.a0361;both
ENG;A361;eng.a0361she;non-primary
ENG;A361;eng.a0361ban;non-primary
ENG;A362;eng.a0362;non-primary
ENG;A363;eng.a0363;non-primary
ENG;A365;eng.a0365;non-primary
ENG;A366;eng.a0366;non-primary
ENG;A367;eng.a0367;non-primary
ENG;A368;eng.a0368;both
ENG;A369;eng.a0369;non-primary
ENG;A370;eng.a0370;both
ENG;A371;eng.a0371;both
ENG;A372;eng.a0372;non-primary
ENG;A373;eng.a0373;non-primary
ENG;A374;eng.a0374;non-primary
ENG;A374;eng.a0374tor;non-primary
ENG;A375;eng.a0375;non-primary
ENG;A376;eng.a0376;primary
ENG;A377;eng.a0377;both
ENG;A378;eng.a0378;non-primary
ENG;A379;eng.a0379;non-primary
ENG;A379;eng.a0379ply;non-primary
ENG;A380;eng.a0380;both
ENG;A381;eng.a0381;non-primary
ENG;A381;eng.a0381kin;non-primary
ENG;A382;eng.a0382;non-primary
ENG;A383;eng.a0383;non-primary
ENG;A384;eng.a0384;non-primary
ENG;A385;eng.a0385;primary
ENG;A386;eng.a0386;both
ENG;A387;eng.a0387;non-primary
ENG;A388;eng.a0388;both
ENG;A388;eng.a0388lau;non-primary
ENG;A389;eng.a0389;non-primary
ENG;A389;eng.a0389bod;non-primary
ENG;A390;eng.a0390;both
ENG;A391;eng.a0391;primary
ENG;A392;eng.a0392;primary
ENG;A393;eng.a0393;non-primary
ENG;A394;eng.a0394;primary
ENG;A395;eng.a0395;primary
ENG;A396;eng.a0396;non-primary
ENG;A397;eng.a0397;non-primary
ENG;A399;eng.a0399;non-primary
ENG;A400;eng.a0400;both
ENG;A401;eng.a0401;non-primary
ENG;A402;eng.a0402;non-primary
ENG;A403;eng.a0403;primary
ENG;A404;eng.a0404;both
ENG;A405;eng.a0405;primary
ENG;A406;eng.a0406;primary
ENG;A407;eng.a0407;non-primary
ENG;A408;eng.a0408;non-primary
ENG;A409;eng.a0409;non-primary
ENG;A410;eng.a0410;non-primary
ENG;A411;eng.a0411;non-primary
ENG;A412;eng.a0412;non-primary
ENG;A413;eng.a0413;both
ENG;A414;eng.a0414;both
ENG;A415;eng.a0415;non-primary
ENG;A416;eng.a0416;non-primary
ENG;A417;eng.a0417;both
ENG;A417;eng.a0417glo;primary
ENG;A418;eng.a0418;primary
ENG;A419;eng.a0419;both
ENG;A420;eng.a0420;both
ENG;A420;eng.a0420bri;both
ENG;A421;eng.a0421;primary
ENG;A422;eng.a0422;both
ENG;A423;eng.a0423oxf;primary
ENG;A423;eng.a0423;primary
ENG;A424;eng.a0424;non-primary
ENG;A425;eng.a0425;non-primary
ENG;A425;eng.a0425war;non-primary
ENG;A426;eng.a0426;both
ENG;A427;eng.a0427;both
ENG;A428;eng.a0428;both
ENG;A429;eng.a0429;both
ENG;A430;eng.a0430;both
ENG;A431;eng.a0431;non-primary
ENG;A432;eng.a0432;non-primary
ENG;A433;eng.a0433;primary
ENG;A435;eng.a0435;both
ENG;A436;eng.a0436;both
ENG;A437;eng.a0437;non-primary
ENG;A438;eng.a0438;both
WLS;A438;wls.a0438;primary
ENG;A439;eng.a0439;non-primary
ENG;A441;eng.a0441;both
ENG;A442;eng.a0442;both
ENG;A443;eng.a0443;non-primary
ENG;A444;eng.a0444;primary
ENG;A444;eng.a0444nun;primary
ENG;A445;eng.a0445;non-primary
ENG;A446;eng.a0446;primary
ENG;A447;eng.a0447;non-primary
ENG;A448;eng.a0448;primary
WLS;A449;wls.a0449;primary
ENG;A449;eng.a0449;both
ENG;A449;eng.a0449wor;primary
ENG;A450;eng.a0450;non-primary
ENG;A451;eng.a0451;non-primary
ENG;A452;eng.a0452;both
ENG;A452;eng.a0452war;primary
ENG;A453;eng.a0453;both
ENG;A453;eng.a0453not;both
ENG;A454;eng.a0454;both
ENG;A456;eng.a0456;primary
ENG;A457;eng.a0457;non-primary
ENG;A458;eng.a0458;both
ENG;A458;eng.a0458she;both
WLS;A458;wls.a0458;primary
ENG;A459;eng.a0459;non-primary
ENG;A459;eng.a0459hal;non-primary
ENG;A460;eng.a0460;primary
ENG;A461;eng.a0461;both
ENG;A462;eng.a0462;non-primary
ENG;A463;eng.a0463;both
ENG;A464;eng.a0464;both
ENG;A465;eng.a0465;both
WLS;A465;wls.a0465;primary
WLS;A466;wls.a0466;both
ENG;A466;eng.a0466red;non-primary
WLS;A466;wls.a0466mon;non-primary
ENG;A466;eng.a0466;non-primary
WLS;A467;wls.a0467;non-primary
WLS;A468;wls.a0468;non-primary
WLS;A469;wls.a0469;non-primary
WLS;A469;wls.a0469pen;non-primary
WLS;A470;wls.a0470but;non-primary
WLS;A470;wls.a0470;both
WLS;A472;wls.a0472;non-primary
WLS;A473;wls.a0473;non-primary
WLS;A474;wls.a0474;non-primary
WLS;A475;wls.a0475;non-primary
WLS;A476;wls.a0476;non-primary
WLS;A477;wls.a0477;both
WLS;A478;wls.a0478;both
WLS;A479;wls.a0479;primary
ENG;A479;eng.a0479;non-primary
ENG;A480;eng.a0480;non-primary
WLS;A481;wls.a0481;non-primary
WLS;A482;wls.a0482;non-primary
WLS;A483;wls.a0483;both
ENG;A483;eng.a0483;primary
WLS;A483;wls.a0483wre;primary
ENG;A483;eng.a0483che;primary
WLS;A484;wls.a0484;non-primary
WLS;A485;wls.a0485;non-primary
WLS;A486;wls.a0486;non-primary
WLS;A487;wls.a0487;both
WLS;A488;wls.a0488;non-primary
ENG;A488;eng.a0488bis;non-primary
WLS;A488;wls.a0488bis;non-primary
ENG;A488;eng.a0488;non-primary
WLS;A489;wls.a0489;both
ENG;A489;eng.a0489pen;non-primary
WLS;A489;wls.a0489chu;non-primary
ENG;A489;eng.a0489;non-primary
WLS;A490;wls.a0490chu;non-primary
ENG;A490;eng.a0490;non-primary
WLS;A490;wls.a0490;both
ENG;A491;eng.a0491;primary
WLS;A493;wls.a0493;non-primary
WLS;A494;wls.a0494;primary
ENG;A494;eng.a0494;primary
WLS;A495;wls.a0495;non-primary
ENG;A495;eng.a0495;both
WLS;A495;wls.a0495bro;primary
WLS;A496;wls.a0496;non-primary
WLS;A497;wls.a0497;non-primary
WLS;A498;wls.a0498;non-primary
WLS;A499;wls.a0499;non-primary
ENG;A500;eng.a0500;primary
ENG;A501;eng.a0501;both
ENG;A502;eng.a0502;non-primary
ENG;A503;eng.a0503;both
ENG;A504;eng.a0504;non-primary
ENG;A505;eng.a0505;both
ENG;A505;eng.a0505tho;primary
ENG;A506;eng.a0506;non-primary
ENG;A507;eng.a0507;non-primary
ENG;A508;eng.a0508;primary
ENG;A509;eng.a0509;both
ENG;A510;eng.a0510;non-primary
ENG;A511;eng.a0511;primary
ENG;A512;eng.a0512;non-primary
ENG;A513;eng.a0513;both
ENG;A513;eng.a0513sta;primary
ENG;A514;eng.a0514;non-primary
ENG;A515;eng.a0515;primary
ENG;A516;eng.a0516;both
ENG;A517;eng.a0517;non-primary
ENG;A518;eng.a0518;both
ENG;A519;eng.a0519;non-primary
ENG;A520;eng.a0520;primary
ENG;A521;eng.a0521;non-primary
ENG;A522;eng.a0522;non-primary
ENG;A523;eng.a0523;primary
WLS;A525;wls.a0525;non-primary
WLS;A525;wls.a0525wre;both
ENG;A525;eng.a0525;both
ENG;A526;eng.a0526;non-primary
ENG;A527;eng.a0527;both
ENG;A528;eng.a0528;non-primary
WLS;A528;wls.a0528;non-primary
ENG;A529;eng.a0529;non-primary
ENG;A530;eng.a0530;both
ENG;A531;eng.a0531;non-primary
ENG;A532;eng.a0532;non-primary
ENG;A533;eng.a0533;both
WLS;A534;wls.a0534;both
ENG;A534;eng.a0534;both
ENG;A535;eng.a0535;non-primary
ENG;A536;eng.a0536;primary
ENG;A537;eng.a0537;primary
ENG;A538;eng.a0538;both
WLS;A539;wls.a0539;non-primary
ENG;A540;eng.a0540;non-primary
WLS;A541;wls.a0541;non-primary
WLS;A542;wls.a0542;non-primary
WLS;A543;wls.a0543;non-primary
WLS;A544;wls.a0544;non-primary
WLS;A545;wls.a0545;non-primary
WLS;A546;wls.a0546;non-primary
WLS;A547;wls.a0547;non-primary
WLS;A548;wls.a0548;non-primary
ENG;A548;eng.a0548;non-primary
WLS;A549;wls.a0549;non-primary
WLS;A550;wls.a0550;non-primary
ENG;A550;eng.a0550;primary
ENG;A551;eng.a0551;non-primary
ENG;A552;eng.a0552;both
ENG;A553;eng.a0553;non-primary
ENG;A554;eng.a0554;both
ENG;A555;eng.a0555;primary
ENG;A556;eng.a0556;primary
ENG;A557;eng.a0557;both
ENG;A558;eng.a0558;non-primary
ENG;A559;eng.a0559;non-primary
ENG;A559;eng.a0559los;non-primary
ENG;A560;eng.a0560;both
ENG;A561;eng.a0561;both
ENG;A562;eng.a0562;both
ENG;A563;eng.a0563;primary
ENG;A565;eng.a0565;both
ENG;A566;eng.a0566;non-primary
ENG;A567;eng.a0567;non-primary
ENG;A569;eng.a0569;non-primary
ENG;A570;eng.a0570;primary
ENG;A571;eng.a0571;non-primary
ENG;A572;eng.a0572;non-primary
ENG;A573;eng.a0573;non-primary
ENG;A574;eng.a0574;non-primary
ENG;A574;eng.a0574bir;non-primary
ENG;A575;eng.a0575;both
ENG;A575;eng.a0575bol;non-primary
ENG;A576;eng.a0576;both
ENG;A577;eng.a0577;both
ENG;A578;eng.a0578;non-primary
ENG;A579;eng.a0579;both
ENG;A580;eng.a0580;primary
ENG;A581;eng.a0581;non-primary
ENG;A582;eng.a0582;primary
ENG;A583;eng.a0583;both
ENG;A584;eng.a0584;non-primary
ENG;A585;eng.a0585;primary
ENG;A586;eng.a0586;non-primary
ENG;A587;eng.a0587;non-primary
ENG;A588;eng.a0588;non-primary
ENG;A589;eng.a0589;both
ENG;A590;eng.a0590;both
ENG;A591;eng.a0591;both
ENG;A592;eng.a0592;both
ENG;A593;eng.a0593;both
ENG;A594;eng.a0594;non-primary
ENG;A594;eng.a0594lei;non-primary
ENG;A595;eng.a0595;both
ENG;A596;eng.a0596;primary
ENG;A597;eng.a0597;non-primary
ENG;A598;eng.a0598;non-primary
ENG;A599;eng.a0599;non-primary
ENG;A600;eng.a0600;non-primary
ENG;A601;eng.a0601;non-primary
ENG;A602;eng.a0602;both
ENG;A602;eng.a0602ste;primary
ENG;A603;eng.a0603;non-primary
ENG;A603;eng.a0603cam;non-primary
ENG;A605;eng.a0605;both
ENG;A606;eng.a0606;both
ENG;A607;eng.a0607;both
ENG;A608;eng.a0608;non-primary
ENG;A609;eng.a0609;non-primary
ENG;A610;eng.a0610;both
ENG;A611;eng.a0611;non-primary
ENG;A612;eng.a0612;non-primary
ENG;A614;eng.a0614;both
ENG;A615;eng.a0615;non-primary
ENG;A616;eng.a0616;both
ENG;A617;eng.a0617;primary
ENG;A618;eng.a0618;non-primary
ENG;A619;eng.a0619;both
ENG;A620;eng.a0620;non-primary
ENG;A621;eng.a0621;both
ENG;A623;eng.a0623;primary
ENG;A624;eng.a0624;non-primary
ENG;A625;eng.a0625;non-primary
ENG;A626;eng.a0626;non-primary
ENG;A627;eng.a0627;both
ENG;A628;eng.a0628;primary
ENG;A629;eng.a0629rot;non-primary
ENG;A629;eng.a0629;primary
ENG;A630;eng.a0630;both
ENG;A631;eng.a0631;both
ENG;A632;eng.a0632;non-primary
ENG;A633;eng.a0633;both
ENG;A634;eng.a0634;non-primary
ENG;A635;eng.a0635;both
ENG;A636;eng.a0636;non-primary
ENG;A637;eng.a0637;primary
ENG;A638;eng.a0638;both
ENG;A638;eng.a0638dew;primary
ENG;A639;eng.a0639;both
ENG;A640;eng.a0640;both
ENG;A641;eng.a0641;non-primary
ENG;A642;eng.a0642;both
ENG;A643;eng.a0643;both
ENG;A644;eng.a0644;both
ENG;A645;eng.a0645;both
ENG;A646;eng.a0646;both
ENG;A647;eng.a0647;both
ENG;A649;eng.a0649;non-primary
ENG;A650;eng.a0650;both
ENG;A650;eng.a0650man;non-primary
ENG;A651;eng.a0651;non-primary
ENG;A652;eng.a0652;non-primary
ENG;A653;eng.a0653;both
ENG;A654;eng.a0654;non-primary
ENG;A655;eng.a0655;non-primary
ENG;A656;eng.a0656;non-primary
ENG;A657;eng.a0657;non-primary
ENG;A658;eng.a0658;both
ENG;A659;eng.a0659;non-primary
ENG;A659;eng.a0659tad;non-primary
ENG;A660;eng.a0660;primary
ENG;A661;eng.a0661;both
ENG;A662;eng.a0662;non-primary
ENG;A663;eng.a0663;both
ENG;A664;eng.a0664;both
ENG;A664;eng.a0664sud;both
ENG;A665;eng.a0665;both
ENG;A666;eng.a0666;both
ENG;A667;eng.a0667;non-primary
ENG;A669;eng.a0669;non-primary
ENG;A670;eng.a0670;non-primary
ENG;A671;eng.a0671;both
ENG;A672;eng.a0672;non-primary
ENG;A673;eng.a0673;non-primary
ENG;A674;eng.a0674;non-primary
ENG;A675;eng.a0675;non-primary
ENG;A676;eng.a0676;non-primary
ENG;A677;eng.a0677;both
ENG;A678;eng.a0678;both
ENG;A679;eng.a0679;both
ENG;A680;eng.a0680;non-primary
ENG;A681;eng.a0681;non-primary
ENG;A682;eng.a0682;both
ENG;A683;eng.a0683;both
ENG;A684;eng.a0684;both
ENG;A685;eng.a0685;both
ENG;A686;eng.a0686;non-primary
ENG;A687;eng.a0687;primary
ENG;A688;eng.a0688;both
ENG;A689;eng.a0689;both
ENG;A690;eng.a0690;both
ENG;A691;eng.a0691;both
ENG;A692;eng.a0692;primary
ENG;A693;eng.a0693;primary
ENG;A694;eng.a0694;non-primary
ENG;A695;eng.a0695;non-primary
ENG;A696;eng.a0696;primary
ENG;A697;eng.a0697;primary
SCT;A697;sct.a0697;non-primary
SCT;A698;sct.a0698;non-primary
ENG;A698;eng.a0698;both
SCT;A699;sct.a0699;non-primary
SCT;A700;sct.a0700;non-primary
SCT;A701;sct.a0701;both
SCT;A702;sct.a0702;both
SCT;A703;sct.a0703;non-primary
SCT;A704;sct.a0704;non-primary
SCT;A705;sct.a0705;non-primary
SCT;A706;sct.a0706;non-primary
SCT;A707;sct.a0707;non-primary
SCT;A708;sct.a0708;non-primary
SCT;A709;sct.a0709;non-primary
SCT;A710;sct.a0710;non-primary
SCT;A711;sct.a0711;non-primary
SCT;A712;sct.a0712;non-primary
SCT;A713;sct.a0713;non-primary
SCT;A714;sct.a0714;non-primary
SCT;A716;sct.a0716;non-primary
SCT;A717;sct.a0717;non-primary
SCT;A718;sct.a0718;non-primary
SCT;A719;sct.a0719;non-primary
SCT;A720;sct.a0720;primary
SCT;A721;sct.a0721;non-primary
SCT;A722;sct.a0722;non-primary
SCT;A723;sct.a0723;non-primary
SCT;A724;sct.a0724;non-primary
SCT;A725;sct.a0725;both
SCT;A726;sct.a0726;both
SCT;A727;sct.a0727;non-primary
SCT;A728;sct.a0728;non-primary
SCT;A728;sct.a0728egl;non-primary
SCT;A730;sct.a0730;non-primary
SCT;A735;sct.a0735;non-primary
SCT;A736;sct.a0736;non-primary
SCT;A737;sct.a0737;both
SCT;A738;sct.a0738;both
SCT;A739;sct.a0739;non-primary
SCT;A741;sct.a0741;non-primary
SCT;A743;sct.a0743;non-primary
SCT;A745;sct.a0745;non-primary
SCT;A746;sct.a0746;non-primary
SCT;A747;sct.a0747;non-primary
SCT;A749;sct.a0749;non-primary
SCT;A751;sct.a0751;primary
SCT;A752;sct.a0752;non-primary
SCT;A755;sct.a0755;non-primary
SCT;A756;sct.a0756;non-primary
SCT;A759;sct.a0759;non-primary
SCT;A760;sct.a0760;non-primary
SCT;A761;sct.a0761;non-primary
SCT;A762;sct.a0762;non-primary
SCT;A763;sct.a0763;non-primary
SCT;A766;sct.a0766;non-primary
SCT;A768;sct.a0768;non-primary
SCT;A770;sct.a0770;non-primary
SCT;A771;sct.a0771;non-primary
SCT;A772;sct.a0772;non-primary
SCT;A775;sct.a0775;non-primary
SCT;A779;sct.a0779;non-primary
SCT;A780;sct.a0780;non-primary
SCT;A781;sct.a0781;non-primary
SCT;A800;sct.a0800;non-primary
SCT;A801;sct.a0801;non-primary
SCT;A803;sct.a0803;non-primary
SCT;A804;sct.a0804;non-primary
SCT;A806;sct.a0806;non-primary
SCT;A807;sct.a0807;non-primary
SCT;A808;sct.a0808;non-primary
SCT;A809;sct.a0809;non-primary
SCT;A810;sct.a0810;non-primary
SCT;A811;sct.a0811;non-primary
SCT;A812;sct.a0812;non-primary
SCT;A813;sct.a0813;non-primary
SCT;A814;sct.a0814;non-primary
SCT;A815;sct.a0815;non-primary
SCT;A816;sct.a0816;non-primary
SCT;A817;sct.a0817;non-primary
SCT;A818;sct.a0818;non-primary
SCT;A819;sct.a0819;non-primary
SCT;A820;sct.a0820;non-primary
SCT;A821;sct.a0821;non-primary
SCT;A822;sct.a0822;non-primary
SCT;A823;sct.a0823;non-primary
SCT;A824;sct.a0824;non-primary
SCT;A826;sct.a0826;non-primary
SCT;A827;sct.a0827;non-primary
SCT;A828;sct.a0828;primary
SCT;A830;sct.a0830;primary
SCT;A831;sct.a0831;non-primary
SCT;A832;sct.a0832;non-primary
SCT;A833;sct.a0833;non-primary
SCT;A834;sct.a0834;non-primary
SCT;A835;sct.a0835;both
SCT;A836;sct.a0836;non-primary
SCT;A837;sct.a0837;non-primary
SCT;A838;sct.a0838;non-primary
SCT;A839;sct.a0839;non-primary
SCT;A841;sct.a0841;non-primary
SCT;A844;sct.a0844;non-primary
SCT;A846;sct.a0846bow;non-primary
SCT;A846;sct.a0846;non-primary
SCT;A847;sct.a0847;non-primary
SCT;A848;sct.a0848;non-primary
SCT;A849;sct.a0849;non-primary
SCT;A850;sct.a0850;non-primary
SCT;A851;sct.a0851;non-primary
SCT;A855;sct.a0855;non-primary
SCT;A857;sct.a0857;non-primary
SCT;A858;sct.a0858;non-primary
SCT;A859;sct.a0859;non-primary
SCT;A861;sct.a0861;non-primary
SCT;A861;sct.a0861cor;non-primary
SCT;A862;sct.a0862;non-primary
SCT;A863;sct.a0863;non-primary
SCT;A865;sct.a0865;non-primary
SCT;A866;sct.a0866;non-primary
SCT;A867;sct.a0867;non-primary
SCT;A868;sct.a0868;non-primary
SCT;A872;sct.a0872;non-primary
SCT;A873;sct.a0873;non-primary
SCT;A875;sct.a0875;non-primary
SCT;A876;sct.a0876;primary
SCT;A877;sct.a0877;non-primary
SCT;A878;sct.a0878;non-primary
SCT;A879;sct.a0879;non-primary
SCT;A880;sct.a0880;non-primary
SCT;A882;sct.a0882;non-primary
SCT;A883;sct.a0883;non-primary
SCT;A884;sct.a0884;non-primary
SCT;A884;sct.a0884fis;non-primary
SCT;A885;sct.a0885;non-primary
SCT;A886;sct.a0886;non-primary
SCT;A886;sct.a0886por;non-primary
SCT;A887;sct.a0887;primary
SCT;A888;sct.a0888;non-primary
SCT;A889;sct.a0889;primary
SCT;A890;sct.a0890;non-primary
SCT;A891;sct.a0891;non-primary
SCT;A893;sct.a0893;primary
SCT;A894;sct.a0894;non-primary
SCT;A896;sct.a0896;non-primary
SCT;A897;sct.a0897;non-primary
SCT;A898;sct.a0898;primary
SCT;A899;sct.a0899;non-primary
SCT;A900;sct.a0900;non-primary
SCT;A901;sct.a0901;non-primary
SCT;A902;sct.a0902;non-primary
SCT;A903;sct.a0903;non-primary
SCT;A904;sct.a0904;non-primary
SCT;A905;sct.a0905;non-primary
SCT;A907;sct.a0907;non-primary
SCT;A908;sct.a0908;non-primary
SCT;A909;sct.a0909;non-primary
SCT;A910;sct.a0910;non-primary
SCT;A911;sct.a0911;non-primary
SCT;A912;sct.a0912;non-primary
SCT;A913;sct.a0913;non-primary
SCT;A914;sct.a0914;non-primary
SCT;A915;sct.a0915;non-primary
SCT;A916;sct.a0916;non-primary
SCT;A917;sct.a0917;non-primary
SCT;A918;sct.a0918;non-primary
SCT;A919;sct.a0919;non-primary
SCT;A920;sct.a0920hun;non-primary
SCT;A920;sct.a0920;non-primary
SCT;A921;sct.a0921;non-primary
SCT;A922;sct.a0922;non-primary
SCT;A923;sct.a0923;non-primary
SCT;A924;sct.a0924;non-primary
SCT;A926;sct.a0926;non-primary
SCT;A928;sct.a0928;non-primary
SCT;A929;sct.a0929;non-primary
SCT;A930;sct.a0930;non-primary
SCT;A932;sct.a0932;non-primary
SCT;A933;sct.a0933;non-primary
SCT;A934;sct.a0934;non-primary
SCT;A935;sct.a0935;non-primary
SCT;A937;sct.a0937;non-primary
SCT;A938;sct.a0938;non-primary
SCT;A939;sct.a0939;non-primary
SCT;A940;sct.a0940;non-primary
SCT;A941;sct.a0941;non-primary
SCT;A942;sct.a0942;non-primary
SCT;A944;sct.a0944;non-primary
SCT;A947;sct.a0947;non-primary
SCT;A948;sct.a0948;non-primary
SCT;A949;sct.a0949;non-primary
SCT;A950;sct.a0950;non-primary
SCT;A952;sct.a0952;non-primary
SCT;A953;sct.a0953;non-primary
SCT;A955;sct.a0955;non-primary
SCT;A956;sct.a0956;both
SCT;A957;sct.a0957;non-primary
SCT;A960;sct.a0960;non-primary
SCT;A961;sct.a0961;non-primary
SCT;A962;sct.a0962;non-primary
SCT;A963;sct.a0963;non-primary
SCT;A964;sct.a0964;non-primary
SCT;A965;sct.a0965;non-primary
SCT;A966;sct.a0966;non-primary
SCT;A967;sct.a0967;non-primary
SCT;A968;sct.a0968;non-primary
SCT;A968;sct.a0968mid;non-primary
SCT;A968;sct.a0968bal;non-primary
SCT;A969;sct.a0969;non-primary
SCT;A970;sct.a0970;non-primary
SCT;A970;sct.a0970sca;non-primary
SCT;A970;sct.a0970hil;non-primary
SCT;A971;sct.a0971;non-primary
SCT;A971;;sct.a0971wal;non-primary
SCT;A972;sct.a0972;primary
SCT;A975;sct.a0975;non-primary
SCT;A977;sct.a0977;both
SCT;A980;sct.a0980;non-primary
SCT;A981;sct.a0981;non-primary
SCT;A982;sct.a0982;non-primary
SCT;A984;sct.a0984;non-primary
SCT;A985;sct.a0985;primary
SCT;A986;sct.a0986;non-primary
SCT;A989;sct.a0989;non-primary
SCT;A990;sct.a0990;non-primary
SCT;A991;sct.a0991;non-primary
SCT;A993;sct.a0993;non-primary
SCT;A994;sct.a0994;non-primary
ENG;A1000;eng.a1000;non-primary
ENG;A1001;eng.a1001;both
ENG;A1003;eng.a1003;non-primary
ENG;A1004;eng.a1004;non-primary
ENG;A1005;eng.a1005;non-primary
ENG;A1006;eng.a1006;non-primary
ENG;A1008;eng.a1008;non-primary
ENG;A1009;eng.a1009;non-primary
ENG;A1010;eng.a1010;non-primary
ENG;A1011;eng.a1011;non-primary
ENG;A1012;eng.a1012;non-primary
ENG;A1013;eng.a1013;non-primary
ENG;A1014;eng.a1014;non-primary
ENG;A1015;eng.a1015;non-primary
ENG;A1016;eng.a1016;non-primary
ENG;A1017;eng.a1017;non-primary
ENG;A1018;eng.a1018;both
ENG;A1019;eng.a1019;non-primary
ENG;A1020;eng.a1020;non-primary
ENG;A1021;eng.a1021;non-primary
ENG;A1022;eng.a1022;non-primary
ENG;A1023;eng.a1023;non-primary
ENG;A1024;eng.a1024;non-primary
ENG;A1025;eng.a1025;non-primary
ENG;A1027;eng.a1027;non-primary
ENG;A1028;eng.a1028;primary
ENG;A1029;eng.a1029;non-primary
ENG;A1031;eng.a1031;non-primary
ENG;A1032;eng.a1032;non-primary
ENG;A1033;eng.a1033;both
ENG;A1034;eng.a1034;non-primary
ENG;A1035;eng.a1035;non-primary
ENG;A1036;eng.a1036;non-primary
ENG;A1036;eng.a1036yor;non-primary
ENG;A1037;eng.a1037;non-primary
ENG;A1038;eng.a1038;non-primary
ENG;A1039;eng.a1039;non-primary
ENG;A1041;eng.a1041;non-primary
ENG;A1042;eng.a1042;primary
ENG;A1042;eng.a1042red;non-primary
ENG;A1043;eng.a1043;primary
ENG;A1044;eng.a1044;non-primary
ENG;A1046;eng.a1046;non-primary
ENG;A1048;eng.a1048;non-primary
ENG;A1049;eng.a1049;non-primary
ENG;A1052;eng.a1052;non-primary
ENG;A1053;eng.a1053;primary
ENG;A1054;eng.a1054;non-primary
ENG;A1055;eng.a1055;non-primary
ENG;A1056;eng.a1056nor;non-primary
ENG;A1056;eng.a1056;non-primary
ENG;A1057;eng.a1057;non-primary
ENG;A1058;eng.a1058;primary
ENG;A1060;eng.a1060;non-primary
ENG;A1061;eng.a1061;non-primary
ENG;A1062;eng.a1062;non-primary
ENG;A1064;eng.a1064;non-primary
ENG;A1065;eng.a1065;primary
ENG;A1066;eng.a1066;primary
ENG;A1067;eng.a1067;non-primary
ENG;A1068;eng.a1068;both
ENG;A1069;eng.a1069;non-primary
ENG;A1070;eng.a1070;non-primary
ENG;A1071;eng.a1071;non-primary
ENG;A1072;eng.a1072;non-primary
ENG;A1074;eng.a1074;both
ENG;A1075;eng.a1075;non-primary
ENG;A1076;eng.a1076;non-primary
ENG;A1077;eng.a1077;both
ENG;A1078;eng.a1078;non-primary
ENG;A1079;eng.a1079;both
ENG;A1080;eng.a1080;non-primary
ENG;A1081;eng.a1081;both
ENG;A1082;eng.a1082;non-primary
ENG;A1083;eng.a1083;non-primary
ENG;A1084;eng.a1084;non-primary
ENG;A1085;eng.a1085;non-primary
ENG;A1086;eng.a1086;non-primary
SCT;A1087;sct.a1087;non-primary
ENG;A1088;eng.a1088;non-primary
ENG;A1089;eng.a1089;primary
ENG;A1090;eng.a1090;non-primary
ENG;A1092;eng.a1092;non-primary
ENG;A1094;eng.a1094;non-primary
ENG;A1095;eng.a1095;non-primary
ENG;A1096;eng.a1096;non-primary
ENG;A1098;eng.a1098;non-primary
ENG;A1099;eng.a1099;non-primary
ENG;A1101;eng.a1101;both
ENG;A1103;eng.a1103;primary
ENG;A1104;eng.a1104;non-primary
ENG;A1105;eng.a1105;non-primary
SCT;A1107;sct.a1107;non-primary
ENG;A1108;eng.a1108;non-primary
ENG;A1110;eng.a1110;non-primary
ENG;A1111;eng.a1111;non-primary
ENG;A1112;eng.a1112;non-primary
ENG;A1114;eng.a1114che;non-primary
ENG;A1114;eng.a1114;non-primary
ENG;A1117;eng.a1117;primary
ENG;A1120;eng.a1120;non-primary
ENG;A1121;eng.a1121;primary
ENG;A1122;eng.a1122;both
ENG;A1123;eng.a1123;non-primary
ENG;A1124;eng.a1124;non-primary
ENG;A1129;eng.a1129;non-primary
ENG;A1130;eng.a1130;non-primary
ENG;A1130;eng.a1130ack;non-primary
ENG;A1133;eng.a1133;non-primary
ENG;A1134;eng.a1134;non-primary
ENG;A1136;eng.a1136;non-primary
ENG;A1137;eng.a1137;non-primary
ENG;A1138;eng.a1138;non-primary
ENG;A1139;eng.a1139ort;primary
ENG;A1139;eng.a1139;both
SCT;A1140;sct.a1140;non-primary
ENG;A1141;eng.a1141;non-primary
ENG;A1144;eng.a1144;non-primary
ENG;A1145;eng.a1145;non-primary
ENG;A1146;eng.a1146;non-primary
ENG;A1147;eng.a1147;non-primary
ENG;A1148;eng.a1148;non-primary
ENG;A1149;eng.a1149;non-primary
ENG;A1150;eng.a1150;non-primary
ENG;A1151;eng.a1151;non-primary
ENG;A1152;eng.a1152;non-primary
ENG;A1153;eng.a1153;non-primary
ENG;A1155;eng.a1155;non-primary
ENG;A1156;eng.a1156;non-primary
ENG;A1158;eng.a1158;non-primary
ENG;A1159;eng.a1159;non-primary
ENG;A1160;eng.a1160;non-primary
ENG;A1165;eng.a1165;non-primary
ENG;A1166;eng.a1166;non-primary
ENG;A1167;eng.a1167;non-primary
ENG;A1168;eng.a1168;non-primary
ENG;A1169;eng.a1169;non-primary
ENG;A1170;eng.a1170;non-primary
ENG;A1171;eng.a1171;non-primary
ENG;A1172;eng.a1172;non-primary
ENG;A1173;eng.a1173;both
ENG;A1174;eng.a1174;non-primary
ENG;A1175;eng.a1175;non-primary
ENG;A1176;eng.a1176;non-primary
ENG;A1179;eng.a1179;non-primary
ENG;A1184;eng.a1184;non-primary
ENG;A1185;eng.a1185;non-primary
ENG;A1189;eng.a1189;non-primary
ENG;A1192;eng.a1192;non-primary
ENG;A1194;eng.a1194;primary
ENG;A1198;eng.a1198;non-primary
ENG;A1199;eng.a1199can;non-primary
ENG;A1199;eng.a1199;non-primary
ENG;A1200;eng.a1200;non-primary
ENG;A1201;eng.a1201;non-primary
ENG;A1202;eng.a1202;both
ENG;A1203;eng.a1203;primary
ENG;A1204;eng.a1204;non-primary
ENG;A1205;eng.a1205;non-primary
ENG;A1206;eng.a1206;non-primary
ENG;A1207;eng.a1207;non-primary
ENG;A1208;eng.a1208;non-primary
ENG;A1209;eng.a1209;non-primary
ENG;A1210;eng.a1210;primary
ENG;A1211;eng.a1211;non-primary
ENG;A1213;eng.a1213;non-primary
ENG;A1214;eng.a1214;non-primary
ENG;A1231;eng.a1231;primary
ENG;A1232;eng.a1232;non-primary
ENG;A1235;eng.a1235;non-primary
ENG;A1237;eng.a1237;primary
ENG;A1238;eng.a1238;non-primary
ENG;A1240;eng.a1240;non-primary
ENG;A1242;eng.a1242;non-primary
ENG;A1243;eng.a1243;non-primary
ENG;A1243;eng.a1243gri;non-primary
ENG;A1245;eng.a1245;both
ENG;A1246;eng.a1246;non-primary
ENG;A1250;eng.a1250;non-primary
ENG;A1251;eng.a1251;non-primary
ENG;A1260;eng.a1260;both
ENG;A1261;eng.a1261;primary
ENG;A1270;eng.a1270;both
ENG;A1290;eng.a1290;non-primary
ENG;A1300;eng.a1300;both
ENG;A1301;eng.a1301;non-primary
ENG;A1302;eng.a1302;non-primary
ENG;A1303;eng.a1303;both
ENG;A1304;eng.a1304;non-primary
ENG;A1305;eng.a1305;non-primary
ENG;A1306;eng.a1306;non-primary
ENG;A1307;eng.a1307hun;primary
ENG;A1307;eng.a1307;non-primary
ENG;A1308;eng.a1308;non-primary
ENG;A1309;eng.a1309;non-primary
ENG;A1311;eng.a1311;non-primary
ENG;A1321;eng.a1321;non-primary
ENG;A1341;eng.a1341;non-primary
ENG;A1400;eng.a1400;primary
ENG;A1402;eng.a1402;non-primary
ENG;A1421;eng.a1421;non-primary
ENG;A1434;eng.a1434;non-primary
ENG;A1500;eng.a1500;non-primary
ENG;A2000;eng.a2000;non-primary
ENG;A2003;eng.a2003;non-primary
ENG;A2004;eng.a2004;non-primary
ENG;A2010;eng.a2010;non-primary
ENG;A2011;eng.a2011;non-primary
ENG;A2014;eng.a2014;non-primary
ENG;A2015;eng.a2015;non-primary
ENG;A2016;eng.a2016;non-primary
ENG;A2018;eng.a2018;non-primary
ENG;A2021;eng.a2021;non-primary
ENG;A2022;eng.a2022;non-primary
ENG;A2023;eng.a2023;non-primary
ENG;A2025;eng.a2025;non-primary
ENG;A2026;eng.a2026;non-primary
ENG;A2029;eng.a2029;non-primary
ENG;A2030;eng.a2030;non-primary
ENG;A2031;eng.a2031;non-primary
ENG;A2032;eng.a2032;non-primary
ENG;A2033;eng.a2033;non-primary
ENG;A2034;eng.a2034;non-primary
ENG;A2036;eng.a2036;non-primary
ENG;A2037;eng.a2037;non-primary
ENG;A2038;eng.a2038;non-primary
ENG;A2039;eng.a2039;non-primary
ENG;A2040;eng.a2040;non-primary
ENG;A2041;eng.a2041;non-primary
ENG;A2042;eng.a2042;non-primary
ENG;A2043;eng.a2043;non-primary
ENG;A2044;eng.a2044;non-primary
ENG;A2050;eng.a2050;non-primary
ENG;A2052;eng.a2052;non-primary
ENG;A2070;eng.a2070;both
ENG;A2100;eng.a2100;non-primary
ENG;A2101;eng.a2101;non-primary
ENG;A2102;eng.a2102;non-primary
ENG;A2198;eng.a2198;non-primary
ENG;A2199;eng.a2199;non-primary
ENG;A2203;eng.a2203;non-primary
ENG;A2204;eng.a2204;primary
ENG;A2205;eng.a2205;non-primary
ENG;A2206;eng.a2206;non-primary
ENG;A2208;eng.a2208;non-primary
ENG;A2209;eng.a2209;non-primary
ENG;A2210;eng.a2210;non-primary
ENG;A2211;eng.a2211;non-primary
ENG;A2212;eng.a2212;non-primary
ENG;A2213;eng.a2213;both
ENG;A2214;eng.a2214;non-primary
ENG;A2215;eng.a2215;non-primary
ENG;A2216;eng.a2216;non-primary
ENG;A2217;eng.a2217;non-primary
ENG;A2218;eng.a2218;non-primary
ENG;A2219;eng.a2219;non-primary
ENG;A2220;eng.a2220;non-primary
ENG;A2260;eng.a2260;non-primary
ENG;A2270;eng.a2270;non-primary
ENG;A2280;eng.a2280;non-primary
ENG;A2290;eng.a2290;non-primary
ENG;A2300;eng.a2300;non-primary
ENG;A2500;eng.a2500;non-primary
ENG;A2690;eng.a2690;non-primary
ENG;A2691;eng.a2691;non-primary
ENG;A2700;eng.a2700;non-primary
ENG;A2990;eng.a2990;non-primary
ENG;A3000;eng.a3000;non-primary
ENG;A3002;eng.a3002;non-primary
ENG;A3003;eng.a3003;non-primary
ENG;A3004;eng.a3004;non-primary
ENG;A3005;eng.a3005;non-primary
ENG;A3006;eng.a3006;non-primary
ENG;A3007;eng.a3007;non-primary
ENG;A3008;eng.a3008;non-primary
ENG;A3009;eng.a3009;non-primary
ENG;A3010;eng.a3010;non-primary
ENG;A3011;eng.a3011;non-primary
ENG;A3013;eng.a3013;non-primary
ENG;A3015;eng.a3015;non-primary
ENG;A3016;eng.a3016;non-primary
ENG;A3020;eng.a3020;non-primary
ENG;A3021;eng.a3021;non-primary
ENG;A3022;eng.a3022;non-primary
ENG;A3023;eng.a3023;non-primary
ENG;A3024;eng.a3024;non-primary
ENG;A3025;eng.a3025;non-primary
ENG;A3026;eng.a3026;non-primary
ENG;A3027;eng.a3027;non-primary
ENG;A3028;eng.a3028;non-primary
ENG;A3029;eng.a3029;primary
ENG;A3030;eng.a3030;non-primary
ENG;A3031;eng.a3031;non-primary
ENG;A3032;eng.a3032;non-primary
ENG;A3033;eng.a3033;non-primary
ENG;A3035;eng.a3035;non-primary
ENG;A3036;eng.a3036;non-primary
ENG;A3038;eng.a3038;non-primary
ENG;A3039;eng.a3039;non-primary
ENG;A3040;eng.a3040;non-primary
ENG;A3044;eng.a3044;non-primary
ENG;A3046;eng.a3046;non-primary
ENG;A3047;eng.a3047;non-primary
ENG;A3049;eng.a3049;both
ENG;A3050;eng.a3050;non-primary
ENG;A3051;eng.a3051;non-primary
ENG;A3052;eng.a3052;non-primary
ENG;A3054;eng.a3054;non-primary
ENG;A3055;eng.a3055;non-primary
ENG;A3055;eng.a3055san;non-primary
ENG;A3056;eng.a3056;non-primary
ENG;A3057;eng.a3057;non-primary
ENG;A3058;eng.a3058;non-primary
ENG;A3059;eng.a3059;non-primary
ENG;A3060;eng.a3060;non-primary
ENG;A3062;eng.a3062;non-primary
ENG;A3063;eng.a3063;non-primary
ENG;A3064;eng.a3064;non-primary
ENG;A3065;eng.a3065;non-primary
ENG;A3066;eng.a3066;non-primary
ENG;A3071;eng.a3071;non-primary
ENG;A3072;eng.a3072;non-primary
ENG;A3073;eng.a3073;non-primary
ENG;A3074;eng.a3074;non-primary
ENG;A3075;eng.a3075;non-primary
ENG;A3076;eng.a3076;non-primary
ENG;A3078;eng.a3078;non-primary
ENG;A3079;eng.a3079;non-primary
ENG;A3082;eng.a3082;non-primary
ENG;A3083;eng.a3083;non-primary
ENG;A3087;eng.a3087;non-primary
ENG;A3088;eng.a3088;primary
ENG;A3088;eng.a3088yeo;non-primary
ENG;A3090;eng.a3090;non-primary
ENG;A3093;eng.a3093;non-primary
ENG;A3094;eng.a3094;non-primary
ENG;A3095;eng.a3095;non-primary
ENG;A3098;eng.a3098;non-primary
ENG;A3100;eng.a3100;non-primary
ENG;A3100;eng.a3100bur;non-primary
ENG;A3102;eng.a3102;non-primary
ENG;A3110;eng.a3110;non-primary
ENG;A3111;eng.a3111;non-primary
ENG;A3112;eng.a3112;non-primary
ENG;A3113;eng.a3113;primary
ENG;A3121;eng.a3121;non-primary
ENG;A3122;eng.a3122;non-primary
ENG;A3123;eng.a3123;non-primary
ENG;A3124;eng.a3124;non-primary
ENG;A3125;eng.a3125;non-primary
ENG;A3126;eng.a3126;non-primary
ENG;A3200;eng.a3200;non-primary
ENG;A3201;eng.a3201;non-primary
ENG;A3202;eng.a3202;non-primary
ENG;A3203;eng.a3203;non-primary
ENG;A3204;eng.a3204;primary
ENG;A3205;eng.a3205;primary
ENG;A3207;eng.a3207;non-primary
ENG;A3209;eng.a3209;non-primary
ENG;A3210;eng.a3210;non-primary
ENG;A3211;eng.a3211;non-primary
ENG;A3212;eng.a3212;both
ENG;A3213;eng.a3213;non-primary
ENG;A3214;eng.a3214;non-primary
ENG;A3216;eng.a3216;non-primary
ENG;A3217;eng.a3217;non-primary
ENG;A3218;eng.a3218;non-primary
ENG;A3219;eng.a3219;non-primary
ENG;A3220;eng.a3220;primary
ENG;A3259;eng.a3259;non-primary
ENG;A3290;eng.a3290;non-primary
ENG;A3400;eng.a3400;non-primary
ENG;A3604;eng.a3604;non-primary
ENG;A3807;eng.a3807;non-primary
ENG;A4000;eng.a4000;non-primary
ENG;A4003;eng.a4003;non-primary
ENG;A4005;eng.a4005;non-primary
ENG;A4006;eng.a4006;non-primary
ENG;A4007;eng.a4007;non-primary
ENG;A4008;eng.a4008;non-primary
ENG;A4010;eng.a4010;primary
ENG;A4012;eng.a4012;non-primary
ENG;A4013;eng.a4013;non-primary
ENG;A4015;eng.a4015;non-primary
ENG;A4017;eng.a4017;non-primary
ENG;A4018;eng.a4018;non-primary
ENG;A4019;eng.a4019;both
ENG;A4020;eng.a4020;non-primary
ENG;A4023;eng.a4023;non-primary
ENG;A4025;eng.a4025;non-primary
ENG;A4026;eng.a4026;non-primary
ENG;A4029;eng.a4029;non-primary
ENG;A4030;eng.a4030;non-primary
ENG;A4031;eng.a4031;both
ENG;A4032;eng.a4032;primary
ENG;A4033;eng.a4033;non-primary
ENG;A4034;eng.a4034;non-primary
ENG;A4036;eng.a4036;both
ENG;A4037;eng.a4037;non-primary
ENG;A4038;eng.a4038;non-primary
ENG;A4039;eng.a4039;non-primary
ENG;A4040;eng.a4040;both
ENG;A4041;eng.a4041;primary
WLS;A4042;wls.a4042;both
WLS;A4042;wls.a4042cri;primary
WLS;A4043;wls.a4043;non-primary
ENG;A4044;eng.a4044;primary
WLS;A4046;wls.a4046;non-primary
WLS;A4047;wls.a4047;non-primary
WLS;A4048;wls.a4048;non-primary
WLS;A4049;wls.a4049;non-primary
WLS;A4050;wls.a4050;non-primary
WLS;A4051;wls.a4051;non-primary
ENG;A4053;eng.a4053;primary
WLS;A4054;wls.a4054;non-primary
WLS;A4055;wls.a4055;non-primary
WLS;A4058;wls.a4058;non-primary
WLS;A4059;wls.a4059;non-primary
WLS;A4060;wls.a4060;primary
WLS;A4061;wls.a4061;non-primary
WLS;A4063;wls.a4063;non-primary
WLS;A4064;wls.a4064;non-primary
WLS;A4065;wls.a4065;non-primary
WLS;A4066;wls.a4066;non-primary
WLS;A4067;wls.a4067;non-primary
WLS;A4068;wls.a4068;non-primary
WLS;A4069;wls.a4069;non-primary
WLS;A4069;wls.a4069lla;non-primary
ENG;A4071;eng.a4071;primary
ENG;A4074;eng.a4074;non-primary
WLS;A4075;wls.a4075;non-primary
WLS;A4076;wls.a4076;primary
WLS;A4077;wls.a4077;non-primary
WLS;A4078;wls.a4078;non-primary
WLS;A4079;wls.a4079;non-primary
WLS;A4080;wls.a4080;non-primary
WLS;A4080;wls.a4080lla;non-primary
WLS;A4081;wls.a4081;non-primary
WLS;A4081;wls.a4081nll;non-primary
WLS;A4081;wls.a4081sll;non-primary
ENG;A4082;eng.a4082;non-primary
WLS;A4085;wls.a4085;non-primary
WLS;A4086;wls.a4086;non-primary
WLS;A4087;wls.a4087;non-primary
ENG;A4088;eng.a4088;non-primary
ENG;A4089;eng.a4089;non-primary
ENG;A4090;eng.a4090;non-primary
ENG;A4091;eng.a4091;non-primary
ENG;A4092;eng.a4092;non-primary
WLS;A4093;wls.a4093;non-primary
ENG;A4094;eng.a4094;non-primary
ENG;A4095;eng.a4095;non-primary
ENG;A4097;eng.a4097;non-primary
ENG;A4098;eng.a4098;non-primary
ENG;A4099;eng.a4099;non-primary
ENG;A4100;eng.a4100;non-primary
ENG;A4101;eng.a4101;non-primary
ENG;A4102;eng.a4102;non-primary
WLS;A4102;wls.a4102;non-primary
WLS;A4102;wls.a4102sme;non-primary
ENG;A4103;eng.a4103;both
ENG;A4104;eng.a4104;non-primary
WLS;A4106;wls.a4106;non-primary
WLS;A4107;wls.a4107;non-primary
WLS;A4109;wls.a4109;non-primary
ENG;A4110;eng.a4110;non-primary
ENG;A4111;eng.a4111;both
ENG;A4112;eng.a4112;both
ENG;A4113;eng.a4113;non-primary
WLS;A4113;wls.a4113;non-primary
ENG;A4114;eng.a4114;primary
WLS;A4115;wls.a4115;non-primary
ENG;A4117;eng.a4117;non-primary
WLS;A4118;wls.a4118;non-primary
WLS;A4119;wls.a4119;non-primary
WLS;A4119;wls.a4119mis;non-primary
WLS;A4120;wls.a4120;non-primary
ENG;A4123;eng.a4123;both
ENG;A4124;eng.a4124;non-primary
ENG;A4125;eng.a4125;non-primary
ENG;A4126;eng.a4126;non-primary
ENG;A4127;eng.a4127;non-primary
ENG;A4128;eng.a4128;non-primary
ENG;A4129;eng.a4129;non-primary
ENG;A4130;eng.a4130;non-primary
ENG;A4133;eng.a4133;non-primary
ENG;A4135;eng.a4135;non-primary
ENG;A4136;eng.a4136;non-primary
WLS;A4136;wls.a4136;non-primary
ENG;A4137;eng.a4137;primary
WLS;A4138;wls.a4138;both
WLS;A4139;wls.a4139;both
ENG;A4140;eng.a4140;non-primary
ENG;A4141;eng.a4141;non-primary
ENG;A4142;eng.a4142;primary
WLS;A4143;wls.a4143;non-primary
ENG;A4144;eng.a4144;non-primary
ENG;A4145;eng.a4145;non-primary
ENG;A4146;eng.a4146hem;non-primary
ENG;A4146;eng.a4146;primary
ENG;A4147;eng.a4147;non-primary
ENG;A4148;eng.a4148;primary
ENG;A4150;eng.a4150;primary
ENG;A4151;eng.a4151;non-primary
ENG;A4154;eng.a4154;non-primary
ENG;A4155;eng.a4155;non-primary
ENG;A4156;eng.a4156;non-primary
ENG;A4157;eng.a4157;non-primary
ENG;A4158;eng.a4158;non-primary
WLS;A4159;wls.a4159;non-primary
WLS;A4160;wls.a4160;non-primary
WLS;A4161;wls.a4161;non-primary
ENG;A4162;eng.a4162;non-primary
ENG;A4165;eng.a4165;non-primary
ENG;A4168;eng.a4168;non-primary
ENG;A4169;eng.a4169;non-primary
ENG;A4171;eng.a4171;non-primary
ENG;A4172;eng.a4172;non-primary
ENG;A4173;eng.a4173;non-primary
ENG;A4174;eng.a4174;primary
ENG;A4175;eng.a4175;non-primary
ENG;A4176;eng.a4176;non-primary
ENG;A4177;eng.a4177;primary
ENG;A4178;eng.a4178;non-primary
ENG;A4180;eng.a4180;both
ENG;A4182;eng.a4182;non-primary
ENG;A4183;eng.a4183;non-primary
ENG;A4184;eng.a4184;non-primary
ENG;A4185;eng.a4185;non-primary
ENG;A4189;eng.a4189;non-primary
ENG;A4193;eng.a4193;non-primary
ENG;A4196;eng.a4196;non-primary
ENG;A4198;eng.a4198;non-primary
ENG;A4200;eng.a4200;non-primary
ENG;A4201;eng.a4201;non-primary
ENG;A4202;eng.a4202;primary
ENG;A4204;eng.a4204;non-primary
ENG;A4205;eng.a4205;non-primary
ENG;A4206;eng.a4206;non-primary
ENG;A4207;eng.a4207;non-primary
ENG;A4208;eng.a4208;non-primary
ENG;A4209;eng.a4209;non-primary
WLS;A4212;wls.a4212;non-primary
WLS;A4214;wls.a4214;non-primary
WLS;A4215;wls.a4215;non-primary
WLS;A4216;wls.a4216;non-primary
WLS;A4217;wls.a4217;non-primary
WLS;A4218;wls.a4218;non-primary
WLS;A4219;wls.a4219;non-primary
WLS;A4221;wls.a4221;non-primary
WLS;A4222;wls.a4222;non-primary
WLS;A4222;wls.a4222cow;non-primary
WLS;A4223;wls.a4223;non-primary
WLS;A4226;wls.a4226;non-primary
WLS;A4226;wls.a4226car;non-primary
WLS;A4229;wls.a4229;non-primary
WLS;A4230;wls.a4230;non-primary
WLS;A4231;wls.a4231;non-primary
WLS;A4232;wls.a4232;both
WLS;A4232;wls.a4232eca;non-primary
WLS;A4233;wls.a4233;non-primary
WLS;A4234;wls.a4234;non-primary
WLS;A4240;wls.a4240;non-primary
WLS;A4241;wls.a4241;non-primary
WLS;A4241;wls.a4241por;non-primary
WLS;A4242;wls.a4242;non-primary
WLS;A4243;wls.a4243;non-primary
WLS;A4244;wls.a4244;non-primary
ENG;A4251;eng.a4251;non-primary
ENG;A4252;eng.a4252;non-primary
ENG;A4254;eng.a4254;non-primary
ENG;A4256;eng.a4256;non-primary
ENG;A4259;eng.a4259;non-primary
ENG;A4260;eng.a4260;non-primary
ENG;A4280;eng.a4280;non-primary
WLS;A4281;wls.a4281;non-primary
WLS;A4281;wls.a4281ras;non-primary
ENG;A4289;eng.a4289;non-primary
ENG;A4289;eng.a4289nsw;non-primary
ENG;A4300;eng.a4300;non-primary
ENG;A4301;eng.a4301;non-primary
ENG;A4302;eng.a4302;non-primary
ENG;A4303;eng.a4303;primary
ENG;A4304;eng.a4304;non-primary
ENG;A4311;eng.a4311;non-primary
ENG;A4312;eng.a4312;non-primary
ENG;A4313;eng.a4313;non-primary
ENG;A4320;eng.a4320;non-primary
ENG;A4361;eng.a4361;non-primary
ENG;A4380;eng.a4380;both
ENG;A4390;eng.a4390;non-primary
ENG;A4420;eng.a4420;non-primary
ENG;A4421;eng.a4421;non-primary
ENG;A4440;eng.a4440;both
ENG;A4444;eng.a4444;primary
ENG;A4500;eng.a4500;both
ENG;A4501;eng.a4501;non-primary
ENG;A4510;eng.a4510;both
ENG;A4535;eng.a4535;non-primary
ENG;A4536;eng.a4536;non-primary
ENG;A4538;eng.a4538;both
ENG;A4540;eng.a4540;primary
ENG;A4600;eng.a4600;primary
ENG;A4601;eng.a4601;non-primary
ENG;A4640;eng.a4640;non-primary
WLS;A4810;wls.a4810;non-primary
WLS;A4811;wls.a4811;non-primary
WLS;A4971;wls.a4971;non-primary
ENG;A5001;eng.a5001;non-primary
ENG;A5004;eng.a5004;non-primary
ENG;A5005;eng.a5005;non-primary
ENG;A5006;eng.a5006;non-primary
ENG;A5007;eng.a5007;non-primary
ENG;A5008;eng.a5008;non-primary
ENG;A5009;eng.a5009;non-primary
ENG;A5010;eng.a5010;non-primary
ENG;A5011;eng.a5011;non-primary
ENG;A5012;eng.a5012;non-primary
ENG;A5013;eng.a5013;non-primary
ENG;A5014;eng.a5014;non-primary
ENG;A5018;eng.a5018;non-primary
ENG;A5019;eng.a5019;non-primary
ENG;A5020;eng.a5020;primary
ENG;A5022;eng.a5022;non-primary
WLS;A5025;wls.a5025;non-primary
WLS;A5026;wls.a5026;non-primary
WLS;A5026;wls.a5026whe;non-primary
ENG;A5027;eng.a5027;non-primary
ENG;A5028;eng.a5028;non-primary
ENG;A5028;eng.a5028sea;non-primary
ENG;A5029;eng.a5029;non-primary
ENG;A5030;eng.a5030;non-primary
ENG;A5032;eng.a5032;non-primary
ENG;A5033;eng.a5033;primary
ENG;A5034;eng.a5034;non-primary
ENG;A5035;eng.a5035;non-primary
ENG;A5036;eng.a5036liv;both
ENG;A5036;eng.a5036;primary
ENG;A5037;eng.a5037;non-primary
ENG;A5038;eng.a5038;non-primary
ENG;A5039;eng.a5039;non-primary
ENG;A5040;eng.a5040;non-primary
ENG;A5045;eng.a5045;non-primary
ENG;A5046;eng.a5046;non-primary
ENG;A5047;eng.a5047;both
ENG;A5048;eng.a5048;non-primary
ENG;A5049;eng.a5049;primary
ENG;A5050;eng.a5050;both
ENG;A5051;eng.a5051;non-primary
ENG;A5052;eng.a5052;primary
ENG;A5053;eng.a5053;primary
ENG;A5054;eng.a5054;non-primary
ENG;A5055;eng.a5055;non-primary
ENG;A5056;eng.a5056;non-primary
ENG;A5057;eng.a5057;non-primary
ENG;A5058;eng.a5058;both
ENG;A5060;eng.a5060;primary
ENG;A5061;eng.a5061;both
ENG;A5063;eng.a5063;both
ENG;A5064;eng.a5064;non-primary
ENG;A5065;eng.a5065;non-primary
ENG;A5066;eng.a5066;non-primary
ENG;A5067;eng.a5067;non-primary
ENG;A5068;eng.a5068;non-primary
ENG;A5071;eng.a5071;non-primary
ENG;A5072;eng.a5072;both
ENG;A5073;eng.a5073;non-primary
ENG;A5074;eng.a5074;non-primary
ENG;A5075;eng.a5075;non-primary
ENG;A5076;eng.a5076;both
ENG;A5078;eng.a5078;non-primary
ENG;A5079;eng.a5079;non-primary
ENG;A5080;eng.a5080nor;non-primary
ENG;A5080;eng.a5080;both
ENG;A5081;eng.a5081;primary
ENG;A5082;eng.a5082;non-primary
ENG;A5083;eng.a5083;non-primary
ENG;A5084;eng.a5084;non-primary
ENG;A5085;eng.a5085;primary
ENG;A5086;eng.a5086;non-primary
ENG;A5087;eng.a5087;non-primary
ENG;A5088;eng.a5088;non-primary
ENG;A5089;eng.a5089;primary
ENG;A5090;eng.a5090;non-primary
ENG;A5091;eng.a5091;non-primary
ENG;A5092;eng.a5092;primary
ENG;A5093;eng.a5093;non-primary
ENG;A5094;eng.a5094;non-primary
ENG;A5095;eng.a5095;non-primary
ENG;A5098;eng.a5098;non-primary
ENG;A5099;eng.a5099;non-primary
ENG;A5100;eng.a5100;non-primary
ENG;A5101;eng.a5101;non-primary
ENG;A5102;eng.a5102;non-primary
ENG;A5103;eng.a5103;both
WLS;A5104;wls.a5104;non-primary
ENG;A5104;eng.a5104;non-primary
ENG;A5105;eng.a5105;non-primary
ENG;A5106;eng.a5106;non-primary
WLS;A5108;wls.a5108;non-primary
ENG;A5109;eng.a5109;non-primary
ENG;A5111;eng.a5111;both
ENG;A5112;eng.a5112;non-primary
WLS;A5114;wls.a5114;non-primary
ENG;A5115;eng.a5115;primary
ENG;A5116;eng.a5116;primary
ENG;A5117;eng.a5117;both
WLS;A5118;wls.a5118;non-primary
WLS;A5119;wls.a5119;non-primary
ENG;A5120;eng.a5120;non-primary
ENG;A5121;eng.a5121;primary
ENG;A5123;eng.a5123;both
ENG;A5124;eng.a5124;non-primary
ENG;A5125;eng.a5125;non-primary
ENG;A5126;eng.a5126;primary
ENG;A5127;eng.a5127;both
ENG;A5128;eng.a5128;non-primary
ENG;A5132;eng.a5132;non-primary
ENG;A5134;eng.a5134;non-primary
ENG;A5135;eng.a5135;non-primary
ENG;A5137;eng.a5137;non-primary
ENG;A5139;eng.a5139;primary
ENG;A5140;eng.a5140;non-primary
ENG;A5141;eng.a5141;non-primary
ENG;A5143;eng.a5143;non-primary
ENG;A5144;eng.a5144;non-primary
ENG;A5145;eng.a5145;both
ENG;A5147;eng.a5147;non-primary
ENG;A5148;eng.a5148;primary
ENG;A5149;eng.a5149;non-primary
ENG;A5150;eng.a5150;non-primary
WLS;A5151;wls.a5151;non-primary
WLS;A5152;wls.a5152;non-primary
WLS;A5152;wls.a5152gae;non-primary
WLS;A5153;wls.a5153;non-primary
WLS;A5154;wls.a5154;non-primary
WLS;A5156;wls.a5156;primary
ENG;A5181;eng.a5181;non-primary
ENG;A5182;eng.a5182;primary
ENG;A5183;eng.a5183;non-primary
ENG;A5184;eng.a5184;non-primary
ENG;A5185;eng.a5185;non-primary
ENG;A5186;eng.a5186;non-primary
ENG;A5187;eng.a5187;primary
ENG;A5189;eng.a5189;primary
ENG;A5190;eng.a5190;non-primary
ENG;A5191;eng.a5191;non-primary
ENG;A5192;eng.a5192;primary
ENG;A5193;eng.a5193;non-primary
ENG;A5194;eng.a5194;non-primary
ENG;A5195;eng.a5195;non-primary
ENG;A5195;eng.a5196;primary
ENG;A5199;eng.a5199;non-primary
ENG;A5200;eng.a5200;non-primary
ENG;A5201;eng.a5201;both
ENG;A5202;eng.a5202;non-primary
ENG;A5203;eng.a5203;non-primary
ENG;A5204;eng.a5204;non-primary
ENG;A5205;eng.a5205;both
ENG;A5206;eng.a5206;non-primary
ENG;A5207;eng.a5207;both
ENG;A5208;eng.a5208;non-primary
ENG;A5209;eng.a5209;both
ENG;A5223;eng.a5223;non-primary
ENG;A5227;eng.a5227;primary
ENG;A5228;eng.a5228;non-primary
ENG;A5230;eng.a5230;non-primary
ENG;A5250;eng.a5250;non-primary
ENG;A5267;eng.a5267;non-primary
ENG;A5268;eng.a5268;primary
ENG;A5270;eng.a5270;non-primary
ENG;A5271;eng.a5271;non-primary
ENG;A5271;eng.a5271kes;non-primary
ENG;A5272;eng.a5272;non-primary
ENG;A5275;eng.a5275;primary
ENG;A5280;eng.a5280;non-primary
ENG;A5281;eng.a5281;non-primary
ENG;A5282;eng.a5282;non-primary
ENG;A5284;eng.a5284;primary
ENG;A5300;eng.a5300;primary
ENG;A5365;eng.a5365;primary
ENG;A5460;eng.a5460;both
ENG;A5480;eng.a5480;non-primary
ENG;A5505;eng.a5505;non-primary
ENG;A5509;eng.a5509;primary
ENG;A5630;eng.a5630;non-primary
ENG;A5758;eng.a5758;primary
ENG;A6001;eng.a6001;non-primary
ENG;A6002;eng.a6002;non-primary
ENG;A6003;eng.a6003;both
ENG;A6004;eng.a6004;non-primary
ENG;A6005;eng.a6005;non-primary
ENG;A6006;eng.a6006;non-primary
ENG;A6007;eng.a6007;non-primary
ENG;A6008;eng.a6008;non-primary
ENG;A6009;eng.a6009;primary
ENG;A6010;eng.a6010;primary
ENG;A6011;eng.a6011;primary
ENG;A6013;eng.a6013ket;non-primary
ENG;A6013;eng.a6013;non-primary
ENG;A6014;eng.a6014;non-primary
ENG;A6015;eng.a6015;non-primary
ENG;A6016;eng.a6016;non-primary
ENG;A6017;eng.a6017;both
ENG;A6018;eng.a6018;primary
ENG;A6019;eng.a6019;non-primary
ENG;A6020;eng.a6020;primary
ENG;A6021;eng.a6021;non-primary
ENG;A6021;eng.a6021rot;non-primary
ENG;A6022;eng.a6022;non-primary
ENG;A6023;eng.a6023;non-primary
ENG;A6024;eng.a6024;non-primary
ENG;A6025;eng.a6025;non-primary
ENG;A6026;eng.a6026;non-primary
ENG;A6027;eng.a6027;both
ENG;A6029;eng.a6029;non-primary
ENG;A6030;eng.a6030;primary
ENG;A6032;eng.a6032;non-primary
ENG;A6033;eng.a6033;both
ENG;A6034;eng.a6034;non-primary
ENG;A6035;eng.a6035;non-primary
ENG;A6036;eng.a6036;primary
ENG;A6037;eng.a6037;non-primary
ENG;A6038;eng.a6038;non-primary
ENG;A6040;eng.a6040;non-primary
ENG;A6041;eng.a6041;non-primary
ENG;A6042;eng.a6042;primary
ENG;A6043;eng.a6043;non-primary
ENG;A6044;eng.a6044;non-primary
ENG;A6045;eng.a6045;non-primary
ENG;A6046;eng.a6046;non-primary
ENG;A6048;eng.a6048;non-primary
ENG;A6050;eng.a6050;non-primary
ENG;A6051;eng.a6051;non-primary
ENG;A6052;eng.a6052;non-primary
ENG;A6053;eng.a6053;non-primary
ENG;A6055;eng.a6055kna;non-primary
ENG;A6055;eng.a6055;non-primary
ENG;A6060;eng.a6060;non-primary
ENG;A6061;eng.a6061;non-primary
ENG;A6062;eng.a6062;non-primary
ENG;A6063;eng.a6063;non-primary
ENG;A6066;eng.a6066;non-primary
ENG;A6068;eng.a6068;both
ENG;A6069;eng.a6069;non-primary
ENG;A6070;eng.a6070;non-primary
ENG;A6071;eng.a6071;non-primary
ENG;A6072;eng.a6072;non-primary
ENG;A6075;eng.a6075;non-primary
ENG;A6076;eng.a6076;non-primary
ENG;A6077;eng.a6077;primary
ENG;A6078;eng.a6078;primary
ENG;A6079;eng.a6079;non-primary
ENG;A6085;eng.a6085;non-primary
ENG;A6086;eng.a6086;non-primary
SCT;A6088;sct.a6088;non-primary
SCT;A6089;sct.a6089;non-primary
SCT;A6091;sct.a6091;primary
SCT;A6093;sct.a6093;non-primary
SCT;A6094;sct.a6094;non-primary
SCT;A6095;sct.a6095;non-primary
ENG;A6096;eng.a6096;non-primary
ENG;A6097;eng.a6097;primary
ENG;A6098;eng.a6098;non-primary
ENG;A6099;eng.a6099;non-primary
ENG;A6101;eng.a6101;non-primary
ENG;A6102;eng.a6102;both
ENG;A6104;eng.a6104;non-primary
SCT;A6105;sct.a6105;non-primary
ENG;A6105;eng.a6105;non-primary
SCT;A6106;sct.a6106;non-primary
ENG;A6107;eng.a6107;non-primary
ENG;A6108;eng.a6108;non-primary
ENG;A6109;eng.a6109;non-primary
ENG;A6110;eng.a6110;primary
SCT;A6112;sct.a6112;non-primary
ENG;A6114;eng.a6114;primary
ENG;A6116;eng.a6116;both
ENG;A6117;eng.a6117;non-primary
ENG;A6119;eng.a6119;both
ENG;A6120;eng.a6120;primary
ENG;A6121;eng.a6121;non-primary
ENG;A6123;eng.a6123;non-primary
SCT;A6124;sct.a6124;non-primary
ENG;A6129;eng.a6129;non-primary
ENG;A6130;eng.a6130;non-primary
ENG;A6131;eng.a6131;non-primary
ENG;A6133;eng.a6133;primary
ENG;A6135;eng.a6135;non-primary
ENG;A6136;eng.a6136;non-primary
SCT;A6137;sct.a6137;non-primary
ENG;A6139;eng.a6139;non-primary
ENG;A6140;eng.a6140;non-primary
ENG;A6142;eng.a6142;non-primary
ENG;A6143;eng.a6143;non-primary
ENG;A6144;eng.a6144;non-primary
ENG;A6144;eng.a6144urm;non-primary
ENG;A6145;eng.a6145;non-primary
ENG;A6172;eng.a6172;non-primary
ENG;A6175;eng.a6175;non-primary
ENG;A6176;eng.a6176;non-primary
ENG;A6177;eng.a6177;both
ENG;A6178;eng.a6178;non-primary
ENG;A6181;eng.a6181;non-primary
ENG;A6182;eng.a6182;both
ENG;A6183;eng.a6183;non-primary
ENG;A6185;eng.a6185;non-primary
ENG;A6186;eng.a6186;non-primary
ENG;A6187;eng.a6187;non-primary
ENG;A6188;eng.a6188;non-primary
ENG;A6191;eng.a6191;non-primary
ENG;A6192;eng.a6192;non-primary
ENG;A6193;eng.a6193;primary
ENG;A6194;eng.a6194;non-primary
ENG;A6195;eng.a6195;both
ENG;A6196;eng.a6196;non-primary
ENG;A6200;eng.a6200;non-primary
ENG;A6201;eng.a6201;non-primary
ENG;A6211;eng.a6211;non-primary
ENG;A6464;eng.a6464;non-primary
ENG;A6514;eng.a6514;primary
ENG;A6520;eng.a6520;non-primary
ENG;A6539;eng.a6539;non-primary
ENG;A6900;eng.a6900;non-primary
SCT;A7066;sct.a7066;non-primary
SCT;A7071;sct.a7071;non-primary
SCT;A8003;sct.a8003;non-primary
SCT;A8004;sct.a8004;non-primary
SCT;A8010;sct.a8010;non-primary
SCT;A8011;sct.a8011;non-primary
SCT;A8014;sct.a8014;non-primary
SCT;A8015;sct.a8015;non-primary
SCT;A8082;sct.a8082;non-primary
SCT;A9000;sct.a9000;non-primary
SCT;A9119;sct.a9119;non-primary
ENG;AirWay;Airport Way, Gatwick;eng.airway;primary
ENG;CirByp;Cirencester Bypass;eng.cirbyp;primary
ENG;KinTun;Kingsway Tunnel;eng.kintun;primary
ENG;QueTun;Queensway Tunnel;eng.quetun;primary
ENG;StPetWay;St. Peter's Way;eng.stpetway;non-primary
NIR;A1;nir.a001;both
NIR;A2;nir.a002new;both
NIR;A2;nir.a002;both
NIR;A2;nir.a002cul;both
NIR;A3;nir.a003;both
NIR;A3;nir.a003clo;non-primary
NIR;A3;nir.a003gan;non-primary
NIR;A4;nir.a004;both
NIR;A5;nir.a005;primary
NIR;A6;nir.a006;both
NIR;A7;nir.a007;primary
NIR;A8;nir.a008;primary
NIR;A11;nir.a011;primary
NIR;A12;nir.a012;primary
NIR;A20;nir.a020;both
NIR;A21;nir.a021;both
NIR;A22;nir.a022;both
NIR;A23;nir.a023;non-primary
NIR;A24;nir.a024;primary
NIR;A25;nir.a025;non-primary
NIR;A26;nir.a026;both
NIR;A27;nir.a027;both
NIR;A27;nir.a027por;primary
NIR;A28;nir.a028;primary
NIR;A29;nir.a029;both
NIR;A30;nir.a030;non-primary
NIR;A31;nir.a031;primary
NIR;A32;nir.a032;both
NIR;A34;nir.a034;non-primary
NIR;A35;nir.a035;non-primary
NIR;A36;nir.a036;primary
NIR;A37;nir.a037;primary
NIR;A37;nir.a037cul;non-primary
NIR;A38;nir.a038;primary
NIR;A40;nir.a040;non-primary
NIR;A42;nir.a042;non-primary
NIR;A43;nir.a043;non-primary
NIR;A44;nir.a044;primary
NIR;A45;nir.a045;non-primary
NIR;A45;nir.a045coa;non-primary
NIR;A46;nir.a046;primary
NIR;A47;nir.a047;non-primary
NIR;A48;nir.a048;non-primary
NIR;A49;nir.a049;non-primary
NIR;A50;nir.a050;non-primary
NIR;A51;nir.a051;non-primary
NIR;A52;nir.a052;both
NIR;A54;nir.a054;non-primary
NIR;A55;nir.a055;primary
NIR;A57;nir.a057;primary
NIR;A76;nir.a076;non-primary
NIR;A99;nir.a099;non-primary
NIR;A101;nir.a101;primary
NIR;A221;nir.a221;non-primary
NIR;A371;nir.a371;non-primary
NIR;A501;nir.a501;non-primary
NIR;A505;nir.a505;primary
NIR;A509;nir.a509;primary
NIR;A510;nir.a510;non-primary
NIR;A512;nir.a512;primary
NIR;A513;nir.a513;non-primary
NIR;A514;nir.a514;primary
NIR;A515;nir.a515;primary
NIR;A519;nir.a519;non-primary
NIR;A520;nir.a520;non-primary
NIR;A522;nir.a522;non-primary
NIR;A523;nir.a523;non-primary
IMN;A1;imn.a001;primary
IMN;A2;imn.a002;primary
IMN;A3;imn.a003;primary
IMN;A4;imn.a004;primary
IMN;A5;imn.a005;primary
IMN;A6;imn.a006;primary
IMN;A7;imn.a007;non-primary
IMN;A8;imn.a008;both
IMN;A9;imn.a009;non-primary
IMN;A10;imn.a010;non-primary
IMN;A11;imn.a011;non-primary
IMN;A12;imn.a012;non-primary
IMN;A13;imn.a013;non-primary
IMN;A14;imn.a014;non-primary
IMN;A15;imn.a015;non-primary
IMN;A16;imn.a016;non-primary
IMN;A17;imn.a017;non-primary
IMN;A18;imn.a018;primary
IMN;A19;imn.a019;non-primary
IMN;A20;imn.a020;non-primary
IMN;A21;imn.a021;primary
IMN;A22;imn.a022;non-primary
IMN;A23;imn.a023;non-primary
IMN;A24;imn.a024;non-primary
IMN;A25;imn.a025;non-primary
IMN;A26;imn.a026;non-primary
IMN;A27;imn.a027;non-primary
IMN;A28;imn.a028;non-primary
IMN;A29;imn.a029;both
IMN;A30;imn.a030;non-primary
IMN;A31;imn.a031;both
IMN;A32;imn.a032;non-primary
IMN;A33;imn.a033;non-primary
IMN;A34;imn.a034;non-primary
IMN;A35;imn.a035;non-primary
IMN;A36;imn.a036;non-primary
IMN;A37;imn.a037;non-primary
IMN;A38;imn.a038;non-primary
IMN;A39;imn.a039;primary
IMN;A40;imn.a040;non-primary
IMN;A41;imn.a041;both
IMN;A42;imn.a042;non-primary
IMN;A43;imn.a043;non-primary
IMN;A44;imn.a044;non-primary
IMN;A45;imn.a045;non-primary
IMN;A46;imn.a046;non-primary
IMN;A47;imn.a047;non-primary
JEY;A1;jey.a001;primary
JEY;A2;jey.a002;primary
JEY;A3;jey.a003;primary
JEY;A4;jey.a004;primary
JEY;A5;jey.a005;primary
JEY;A6;jey.a006;primary
JEY;A7;jey.a007;primary
JEY;A8;jey.a008;primary
JEY;A9;jey.a009;primary
JEY;A10;jey.a010;primary
JEY;A11;jey.a011;primary
JEY;A12;jey.a012;primary
JEY;A13;jey.a013;primary
JEY;A14;jey.a014;primary
JEY;A15;jey.a015;non-primary
JEY;A16;jey.a016;primary
JEY;A17;jey.a017;primary
JEY;B21;jey.b021;non-primary
JEY;B22;jey.b022;non-primary
JEY;B23;jey.b023;non-primary
JEY;B24;jey.b024;non-primary
JEY;B25;jey.b025;non-primary
JEY;B26;jey.b026;both
JEY;B27;jey.b027;non-primary
JEY;B28;jey.b028;non-primary
JEY;B29;jey.b029;non-primary
JEY;B30;jey.b030;primary
JEY;B31;jey.b031;non-primary
JEY;B32;jey.b032;non-primary
JEY;B33;jey.b033;both
JEY;B34;jey.b034;non-primary
JEY;B35;jey.b035;non-primary
JEY;B36;jey.b036;primary
JEY;B37;jey.b037;non-primary
JEY;B38;jey.b038;non-primary
JEY;B39;jey.b039;non-primary
JEY;B40;jey.b040;non-primary
JEY;B41;jey.b041;non-primary
JEY;B42;jey.b042;non-primary
JEY;B43;jey.b043;non-primary
JEY;B44;jey.b044;non-primary
JEY;B45;jey.b045;non-primary
JEY;B46;jey.b046;non-primary
JEY;B47;jey.b047;non-primary
JEY;B48;jey.b048;non-primary
JEY;B49;jey.b049;non-primary
JEY;B50;jey.b050;non-primary
JEY;B51;jey.b051;non-primary
JEY;B52;jey.b052;non-primary
JEY;B53;jey.b053;both
JEY;B54;jey.b054;primary
JEY;B55;jey.b055;both
JEY;B56;jey.b056;non-primary
JEY;B57;jey.b057;non-primary
JEY;B58;jey.b058;non-primary
JEY;B59;jey.b059;non-primary
JEY;B60;jey.b060;primary
JEY;B61;jey.b061;non-primary
JEY;B62;jey.b062;non-primary
JEY;B63;jey.b063;non-primary
JEY;B64;jey.b064;primary
JEY;B65;jey.b065;non-primary
JEY;B66;jey.b066;non-primary
JEY;B67;jey.b067;non-primary
JEY;B68;jey.b068;non-primary
JEY;B69;jey.b069;non-primary
JEY;B70;jey.b070;non-primary
JEY;B71;jey.b071;non-primary
JEY;B72;jey.b072;non-primary
JEY;B73;jey.b073;non-primary
JEY;B74;jey.b074;non-primary
JEY;B75;jey.b075;non-primary
JEY;B76;jey.b076;non-primary
JEY;B77;jey.b077;non-primary
JEY;B78;jey.b078;non-primary
JEY;B79;jey.b079;both
JEY;B80;jey.b080;non-primary
JEY;B81;jey.b081;non-primary
JEY;B82;jey.b082;non-primary
JEY;B83;jey.b083;non-primary
JEY;B84;jey.b084;non-primary
JEY;B85;jey.b085;non-primary
JEY;B86;jey.b086;primary
JEY;B87;jey.b087;primary
JEY;B88;jey.b088;non-primary
JEY;B89;jey.b089;non-primary
JEY;B90;jey.b090;non-primary
JEY;B91;jey.b091;non-primary
JEY;B92;jey.b092;non-primary
