system;region;route;banner;abbreviation;city;fileNameRoot;altRouteNames
franord50;FRA-NOR;D1;-50;;;franor.d000150;
franord50;FRA-NOR;D1E1;-50;;;franor.d0001e150;
franord50;FRA-NOR;D1E2;-50;;;franor.d0001e250;
franord50;FRA-NOR;D1E3;-50;;;franor.d0001e350;
franord50;FRA-NOR;D2;-50;;;franor.d000250;
franord50;FRA-NOR;D2E1;-50;;;franor.d0002e150;
franord50;FRA-NOR;D2E2;-50;;;franor.d0002e250;
franord50;FRA-NOR;D2E3;-50;;;franor.d0002e350;
franord50;FRA-NOR;D2E4;-50;;;franor.d0002e450;
franord50;FRA-NOR;D2E5;-50;;;franor.d0002e550;
franord50;FRA-NOR;D4;-50;;;franor.d000450;
franord50;FRA-NOR;D4E1;-50;;;franor.d0004e150;
franord50;FRA-NOR;D5;-50;;;franor.d000550;
franord50;FRA-NOR;D5E1;-50;;;franor.d0005e150;
franord50;FRA-NOR;D6;-50;;;franor.d000650;
franord50;FRA-NOR;D7;-50;;;franor.d000750;
franord50;FRA-NOR;D7E1;-50;;;franor.d0007e150;
franord50;FRA-NOR;D7E2;-50;;;franor.d0007e250;
franord50;FRA-NOR;D8;-50;;Le Dézert;franor.d000850;
franord50;FRA-NOR;D8;-50;Cer;Cerisy-la-Forêt;franor.d000850cer;
franord50;FRA-NOR;D8E;-50;;;franor.d0008e50;
franord50;FRA-NOR;D9;-50;;;franor.d000950;
franord50;FRA-NOR;D9E;-50;;;franor.d0009e50;
franord50;FRA-NOR;D10;-50;;;franor.d001050;
franord50;FRA-NOR;D11;-50;;;franor.d001150;
franord50;FRA-NOR;D12;-50;;;franor.d001250;
franord50;FRA-NOR;D13;-50;;;franor.d001350;
franord50;FRA-NOR;D13E1;-50;;;franor.d0013e150;
franord50;FRA-NOR;D13E3;-50;;;franor.d0013e350;
franord50;FRA-NOR;D14;-50;;;franor.d001450;
franord50;FRA-NOR;D14E1;-50;;;franor.d0014e150;
franord50;FRA-NOR;D14E2;-50;;;franor.d0014e250;
franord50;FRA-NOR;D15;-50;;;franor.d001550;
franord50;FRA-NOR;D15E1;-50;;;franor.d0015e150;
franord50;FRA-NOR;D15E2;-50;;;franor.d0015e250;
franord50;FRA-NOR;D15E3;-50;;;franor.d0015e350;
franord50;FRA-NOR;D16;-50;;;franor.d001650;
franord50;FRA-NOR;D17;-50;;;franor.d001750;
franord50;FRA-NOR;D18;-50;;;franor.d001850;
franord50;FRA-NOR;D18E;-50;;;franor.d0018e50;
franord50;FRA-NOR;D19;-50;Pon;Pontorson;franor.d001950pon;
franord50;FRA-NOR;D19;-50;;Aucey-la-Plaine;franor.d001950;
franord50;FRA-NOR;D19E1;-50;;;franor.d0019e150;
franord50;FRA-NOR;D20;-50;;;franor.d002050;
franord50;FRA-NOR;D20E1;-50;;;franor.d0020e150;
franord50;FRA-NOR;D20E3;-50;;;franor.d0020e350;
franord50;FRA-NOR;D21;-50;Gra;Granville;franor.d002150gra;
franord50;FRA-NOR;D21;-50;;Saint-Pair-sur-Mer;franor.d002150;
franord50;FRA-NOR;D21E2;-50;;;franor.d0021e250;
franord50;FRA-NOR;D21E3;-50;;;franor.d0021e350;
franord50;FRA-NOR;D22;-50;;;franor.d002250;
franord50;FRA-NOR;D22E1;-50;;;franor.d0022e150;
franord50;FRA-NOR;D23;-50;;;franor.d002350;
franord50;FRA-NOR;D24;-50;;;franor.d002450;
franord50;FRA-NOR;D24E1;-50;;;franor.d0024e150;
franord50;FRA-NOR;D24E2;-50;;;franor.d0024e250;
franord50;FRA-NOR;D25;-50;;;franor.d002550;
franord50;FRA-NOR;D26;-50;;;franor.d002650;
franord50;FRA-NOR;D27;-50;;;franor.d002750;
franord50;FRA-NOR;D27E;-50;;;franor.d0027e50;
franord50;FRA-NOR;D28;-50;;;franor.d002850;
franord50;FRA-NOR;D29;-50;;;franor.d002950;
franord50;FRA-NOR;D29E;-50;;;franor.d0029e50;
franord50;FRA-NOR;D30;-50;;;franor.d003050;
franord50;FRA-NOR;D31;-50;;;franor.d003150;
franord50;FRA-NOR;D32;-50;;;franor.d003250;
franord50;FRA-NOR;D32E;-50;;;franor.d0032e50;
franord50;FRA-NOR;D33;-50;;;franor.d003350;
franord50;FRA-NOR;D33E2;-50;;;franor.d0033e250;
franord50;FRA-NOR;D34;-50;Cer;Cerisy-la-Forêt;franor.d003450cer;
franord50;FRA-NOR;D34;-50;;Saint-Germain-d’Elle;franor.d003450;
franord50;FRA-NOR;D35;-50;;;franor.d003550;
franord50;FRA-NOR;D35E;-50;;;franor.d0035e50;
franord50;FRA-NOR;D35E1;-50;;;franor.d0035e150;
franord50;FRA-NOR;D35E2;-50;;;franor.d0035e250;
franord50;FRA-NOR;D35E3;-50;;;franor.d0035e350;
franord50;FRA-NOR;D36;-50;;Barenton;franor.d003650;
franord50;FRA-NOR;D36;-50;Heu;Heussé;franor.d003650heu;
franord50;FRA-NOR;D37;-50;;;franor.d003750;
franord50;FRA-NOR;D37E1;-50;;;franor.d0037e150;
franord50;FRA-NOR;D38;-50;;;franor.d003850;
franord50;FRA-NOR;D39;-50;;;franor.d003950;
franord50;FRA-NOR;D39E;-50;;;franor.d0039e50;
franord50;FRA-NOR;D40;-50;;;franor.d004050;
franord50;FRA-NOR;D40E;-50;;;franor.d0040e50;
franord50;FRA-NOR;D41;-50;;;franor.d004150;
franord50;FRA-NOR;D41E1;-50;;;franor.d0041e150;
franord50;FRA-NOR;D41E2;-50;;;franor.d0041e250;
franord50;FRA-NOR;D42;-50;;;franor.d004250;
franord50;FRA-NOR;D43;-50;;;franor.d004350;
franord50;FRA-NOR;D43E1;-50;;;franor.d0043e150;
franord50;FRA-NOR;D43E2;-50;;;franor.d0043e250;
franord50;FRA-NOR;D44;-50;;;franor.d004450;
franord50;FRA-NOR;D45;-50;;;franor.d004550;
franord50;FRA-NOR;D45E1;-50;;;franor.d0045e150;
franord50;FRA-NOR;D45E2;-50;;;franor.d0045e250;
franord50;FRA-NOR;D45E5;-50;;;franor.d0045e550;
franord50;FRA-NOR;D45E6;-50;;;franor.d0045e650;
franord50;FRA-NOR;D46;-50;Neu;Le Neufbourg;franor.d004650neu;
franord50;FRA-NOR;D46;-50;;Notre-Dame-du-Touchet;franor.d004650;
franord50;FRA-NOR;D47;-50;;;franor.d004750;
franord50;FRA-NOR;D47E1;-50;;;franor.d0047e150;
franord50;FRA-NOR;D47E2;-50;;;franor.d0047e250;
franord50;FRA-NOR;D47E3;-50;;;franor.d0047e350;
franord50;FRA-NOR;D48;-50;;;franor.d004850;
franord50;FRA-NOR;D49;-50;;;franor.d004950;
franord50;FRA-NOR;D49E1;-50;;;franor.d0049e150;
franord50;FRA-NOR;D50;-50;;;franor.d005050;
franord50;FRA-NOR;D51;-50;;;franor.d005150;
franord50;FRA-NOR;D52;-50;;;franor.d005250;
franord50;FRA-NOR;D53;-50;;;franor.d005350;
franord50;FRA-NOR;D53E1;-50;;;franor.d0053e150;
franord50;FRA-NOR;D54;-50;;;franor.d005450;
franord50;FRA-NOR;D55;-50;;;franor.d005550;
franord50;FRA-NOR;D56;-50;;;franor.d005650;
franord50;FRA-NOR;D57;-50;;;franor.d005750;
franord50;FRA-NOR;D57E1;-50;;;franor.d0057e150;
franord50;FRA-NOR;D58;-50;;;franor.d005850;
franord50;FRA-NOR;D58E1;-50;;;franor.d0058e150;
franord50;FRA-NOR;D58E2;-50;;;franor.d0058e250;
franord50;FRA-NOR;D59;-50;;;franor.d005950;
franord50;FRA-NOR;D59E;-50;;;franor.d0059e50;
franord50;FRA-NOR;D60;-50;;;franor.d006050;
franord50;FRA-NOR;D61;-50;;;franor.d006150;
franord50;FRA-NOR;D61E1;-50;;;franor.d0061e150;
franord50;FRA-NOR;D61E2;-50;Jul;Jullouville;franor.d0061e250jul;
franord50;FRA-NOR;D61E2;-50;;Sartilly;franor.d0061e250;
franord50;FRA-NOR;D62;-50;;;franor.d006250;
franord50;FRA-NOR;D63;-50;;;franor.d006350;
franord50;FRA-NOR;D63E;-50;;;franor.d0063e50;
franord50;FRA-NOR;D64;-50;;;franor.d006450;
franord50;FRA-NOR;D64E1;-50;;;franor.d0064e150;
franord50;FRA-NOR;D64E2;-50;;;franor.d0064e250;
franord50;FRA-NOR;D65;-50;;;franor.d006550;
franord50;FRA-NOR;D66;-50;;;franor.d006650;
franord50;FRA-NOR;D67;-50;;Neufmesnil;franor.d006750;
franord50;FRA-NOR;D67;-50;Mer;Sainte-Mère-Église;franor.d006750mer;
franord50;FRA-NOR;D67E;-50;;;franor.d0067e50;
franord50;FRA-NOR;D67E1;-50;;;franor.d0067e150;
franord50;FRA-NOR;D68;-50;;;franor.d006850;
franord50;FRA-NOR;D69;-50;;;franor.d006950;
franord50;FRA-NOR;D70;-50;;;franor.d007050;
franord50;FRA-NOR;D70E;-50;;;franor.d0070e50;
franord50;FRA-NOR;D71;-50;Flo;Flottemanville;franor.d007150flo;
franord50;FRA-NOR;D71;-50;;Montebourg;franor.d007150;
franord50;FRA-NOR;D72;-50;;;franor.d007250;
franord50;FRA-NOR;D72E1;-50;;;franor.d0072e150;
franord50;FRA-NOR;D72E3;-50;;;franor.d0072e350;
franord50;FRA-NOR;D72E4;-50;;;franor.d0072e450;
franord50;FRA-NOR;D73;-50;;;franor.d007350;
franord50;FRA-NOR;D73E1;-50;;;franor.d0073e150;
franord50;FRA-NOR;D74;-50;;;franor.d007450;
franord50;FRA-NOR;D74E;-50;;;franor.d0074e50;
franord50;FRA-NOR;D74E2;-50;;;franor.d0074e250;
franord50;FRA-NOR;D75;-50;;;franor.d007550;
franord50;FRA-NOR;D76;-50;;;franor.d007650;
franord50;FRA-NOR;D77;-50;;;franor.d007750;
franord50;FRA-NOR;D77E1;-50;;;franor.d0077e150;
franord50;FRA-NOR;D77E2;-50;;;franor.d0077e250;
franord50;FRA-NOR;D77E3;-50;;;franor.d0077e350;
franord50;FRA-NOR;D78;-50;;;franor.d007850;
franord50;FRA-NOR;D79;-50;;;franor.d007950;
franord50;FRA-NOR;D79E;-50;;;franor.d0079e50;
franord50;FRA-NOR;D80;-50;;;franor.d008050;
franord50;FRA-NOR;D81;-50;;;franor.d008150;
franord50;FRA-NOR;D82;-50;;;franor.d008250;
franord50;FRA-NOR;D82E1;-50;;;franor.d0082e150;
franord50;FRA-NOR;D82E2;-50;;;franor.d0082e250;
franord50;FRA-NOR;D82E3;-50;;;franor.d0082e350;
franord50;FRA-NOR;D83;-50;;;franor.d008350;
franord50;FRA-NOR;D84;-50;;;franor.d008450;
franord50;FRA-NOR;D85;-50;;;franor.d008550;
franord50;FRA-NOR;D85E1;-50;;;franor.d0085e150;
franord50;FRA-NOR;D85E2;-50;;;franor.d0085e250;
franord50;FRA-NOR;D86;-50;;;franor.d008650;
franord50;FRA-NOR;D87;-50;;;franor.d008750;
franord50;FRA-NOR;D88;-50;;Le Mesnil-Rouxelin;franor.d008850;
franord50;FRA-NOR;D88;-50;Gou;Gourfaleur;franor.d008850gou;
franord50;FRA-NOR;D88E1;-50;;;franor.d0088e150;
franord50;FRA-NOR;D88E2;-50;;;franor.d0088e250;
franord50;FRA-NOR;D88E3;-50;;;franor.d0088e350;
franord50;FRA-NOR;D89;-50;;;franor.d008950;
franord50;FRA-NOR;D89E;-50;;;franor.d0089e50;
franord50;FRA-NOR;D90;-50;;;franor.d009050;
franord50;FRA-NOR;D91;-50;;;franor.d009150;
franord50;FRA-NOR;D92;-50;;;franor.d009250;
franord50;FRA-NOR;D93;-50;;;franor.d009350;
franord50;FRA-NOR;D93E;-50;;;franor.d0093e50;
franord50;FRA-NOR;D94;-50;;;franor.d009450;
franord50;FRA-NOR;D95;-50;;;franor.d009550;
franord50;FRA-NOR;D95E1;-50;;;franor.d0095e150;
franord50;FRA-NOR;D96;-50;Fer;fervaches;franor.d009650fer;
franord50;FRA-NOR;D96;-50;;Guilberville;franor.d009650;
franord50;FRA-NOR;D97;-50;;;franor.d009750;
franord50;FRA-NOR;D97E1;-50;;;franor.d0097e150;
franord50;FRA-NOR;D98;-50;;;franor.d009850;
franord50;FRA-NOR;D99;-50;;;franor.d009950;
franord50;FRA-NOR;D99E1;-50;;;franor.d0099e150;
franord50;FRA-NOR;D100;-50;;;franor.d010050;
franord50;FRA-NOR;D101;-50;;;franor.d010150;
franord50;FRA-NOR;D102;-50;;;franor.d010250;
franord50;FRA-NOR;D103;-50;;;franor.d010350;
franord50;FRA-NOR;D103E1;-50;;;franor.d0103e150;
franord50;FRA-NOR;D104;-50;;;franor.d010450;
franord50;FRA-NOR;D104E1;-50;;;franor.d0104e150;
franord50;FRA-NOR;D104E2;-50;;;franor.d0104e250;
franord50;FRA-NOR;D104E3;-50;;;franor.d0104e350;
franord50;FRA-NOR;D104E4;-50;;;franor.d0104e450;
franord50;FRA-NOR;D105;-50;;;franor.d010550;
franord50;FRA-NOR;D106;-50;;;franor.d010650;
franord50;FRA-NOR;D107;-50;;;franor.d010750;
franord50;FRA-NOR;D107E1;-50;;;franor.d0107e150;
franord50;FRA-NOR;D107E2;-50;;;franor.d0107e250;
franord50;FRA-NOR;D108;-50;;;franor.d010850;
franord50;FRA-NOR;D109;-50;;;franor.d010950;
franord50;FRA-NOR;D109E1;-50;;;franor.d0109e150;
franord50;FRA-NOR;D110;-50;;;franor.d011050;
franord50;FRA-NOR;D110E;-50;;;franor.d0110e50;
franord50;FRA-NOR;D111;-50;;;franor.d011150;
franord50;FRA-NOR;D111E;-50;;;franor.d0111e50;
franord50;FRA-NOR;D112;-50;;;franor.d011250;
franord50;FRA-NOR;D113;-50;;;franor.d011350;
franord50;FRA-NOR;D113E;-50;;;franor.d0113e50;
franord50;FRA-NOR;D113E2;-50;;;franor.d0113e250;
franord50;FRA-NOR;D114;-50;;;franor.d011450;
franord50;FRA-NOR;D114E1;-50;;;franor.d0114e150;
franord50;FRA-NOR;D114E2;-50;;;franor.d0114e250;
franord50;FRA-NOR;D115;-50;;;franor.d011550;
franord50;FRA-NOR;D115E1;-50;;;franor.d0115e150;
franord50;FRA-NOR;D116;-50;;;franor.d011650;
franord50;FRA-NOR;D116E;-50;;;franor.d0116e50;
franord50;FRA-NOR;D117;-50;;Les Pieux;franor.d011750;
franord50;FRA-NOR;D117;-50;Sur;Surtainville;franor.d011750sur;
franord50;FRA-NOR;D117E1;-50;;;franor.d0117e150;
franord50;FRA-NOR;D118;-50;;;franor.d011850;
franord50;FRA-NOR;D119;-50;;;franor.d011950;
franord50;FRA-NOR;D119E1;-50;;;franor.d0119e150;
franord50;FRA-NOR;D120;-50;;;franor.d012050;
franord50;FRA-NOR;D121;-50;Gla;La Glacerie;franor.d012150gla;
franord50;FRA-NOR;D121;-50;;Saint-Martin-le-Hébert;franor.d012150;
franord50;FRA-NOR;D122;-50;;;franor.d012250;
franord50;FRA-NOR;D122E1;-50;;;franor.d0122e150;
franord50;FRA-NOR;D122E2;-50;;;franor.d0122e250;
franord50;FRA-NOR;D123;-50;;;franor.d012350;
franord50;FRA-NOR;D123E2;-50;;;franor.d0123e250;
franord50;FRA-NOR;D124;-50;;;franor.d012450;
franord50;FRA-NOR;D125;-50;;;franor.d012550;
franord50;FRA-NOR;D126;-50;;;franor.d012650;
franord50;FRA-NOR;D127;-50;;;franor.d012750;
franord50;FRA-NOR;D128;-50;;;franor.d012850;
franord50;FRA-NOR;D129;-50;;;franor.d012950;
franord50;FRA-NOR;D129E1;-50;;;franor.d0129e150;
franord50;FRA-NOR;D130;-50;;Fierville-les-Mines;franor.d013050;
franord50;FRA-NOR;D130;-50;Bon;La Bonneville;franor.d013050bon;
franord50;FRA-NOR;D130E1;-50;;;franor.d0130e150;
franord50;FRA-NOR;D130E2;-50;;;franor.d0130e250;
franord50;FRA-NOR;D131;-50;;;franor.d013150;
franord50;FRA-NOR;D132;-50;;Saint-Georges-de-la-Rivière;franor.d013250;
franord50;FRA-NOR;D132;-50;Mes;Le Mesnil;franor.d013250mes;
franord50;FRA-NOR;D132;-50;Den;Denneville;franor.d013250den;
franord50;FRA-NOR;D132E1;-50;;;franor.d0132e150;
franord50;FRA-NOR;D133;-50;;;franor.d013350;
franord50;FRA-NOR;D134;-50;;;franor.d013450;
franord50;FRA-NOR;D134E1;-50;;;franor.d0134e150;
franord50;FRA-NOR;D134E2;-50;;;franor.d0134e250;
franord50;FRA-NOR;D134E3;-50;;;franor.d0134e350;
franord50;FRA-NOR;D135;-50;;;franor.d013550;
franord50;FRA-NOR;D135E1;-50;;;franor.d0135e150;
franord50;FRA-NOR;D135E3;-50;;;franor.d0135e350;
franord50;FRA-NOR;D135E4;-50;;;franor.d0135e450;
franord50;FRA-NOR;D135E5;-50;;;franor.d0135e550;
franord50;FRA-NOR;D136;-50;;;franor.d013650;
franord50;FRA-NOR;D136E;-50;;;franor.d0136e50;
franord50;FRA-NOR;D136E1;-50;;;franor.d0136e150;
franord50;FRA-NOR;D136E3;-50;;;franor.d0136e350;
franord50;FRA-NOR;D137;-50;;;franor.d013750;
franord50;FRA-NOR;D138;-50;;;franor.d013850;
franord50;FRA-NOR;D139;-50;Mon;Montsurvent;franor.d013950mon;
franord50;FRA-NOR;D139;-50;;Saint-Michel-de-la-Pierre;franor.d013950;
franord50;FRA-NOR;D139E;-50;;;franor.d0139e50;
franord50;FRA-NOR;D140;-50;;;franor.d014050;
franord50;FRA-NOR;D141;-50;;;franor.d014150;
franord50;FRA-NOR;D142;-50;;Vesöy;franor.d014250;
franord50;FRA-NOR;D142;-50;Feu;Feugères;franor.d014250feu;
franord50;FRA-NOR;D142E;-50;;;franor.d0142e50;
franord50;FRA-NOR;D142E2;-50;;;franor.d0142e250;
franord50;FRA-NOR;D143;-50;;;franor.d014350;
franord50;FRA-NOR;D143E1;-50;;;franor.d0143e150;
franord50;FRA-NOR;D143E3;-50;;;franor.d0143e350;
franord50;FRA-NOR;D143E4;-50;;;franor.d0143e450;
franord50;FRA-NOR;D144;-50;;Blainville-sur-Mer;franor.d014450;
franord50;FRA-NOR;D144;-50;Bra;Brainville;franor.d014450bra;
franord50;FRA-NOR;D144E1;-50;;;franor.d0144e150;
franord50;FRA-NOR;D145;-50;;;franor.d014550;
franord50;FRA-NOR;D145E;-50;;;franor.d0145e50;
franord50;FRA-NOR;D146;-50;;;franor.d014650;
franord50;FRA-NOR;D146E1;-50;;;franor.d0146e150;
franord50;FRA-NOR;D146E2;-50;;;franor.d0146e250;
franord50;FRA-NOR;D147;-50;Neh;Néhou;franor.d014750neh;
franord50;FRA-NOR;D147;-50;;Neuville-en-Beaumont;franor.d014750;
franord50;FRA-NOR;D147E;-50;;;franor.d0147e50;
franord50;FRA-NOR;D147E2;-50;;;franor.d0147e250;
franord50;FRA-NOR;D148;-50;;;franor.d014850;
franord50;FRA-NOR;D149;-50;;;franor.d014950;
franord50;FRA-NOR;D150;-50;;;franor.d015050;
franord50;FRA-NOR;D150E1;-50;;;franor.d0150e150;
franord50;FRA-NOR;D150E2;-50;;;franor.d0150e250;
franord50;FRA-NOR;D150E3;-50;;;franor.d0150e350;
franord50;FRA-NOR;D151;-50;;;franor.d015150;
franord50;FRA-NOR;D151E1;-50;;;franor.d0151e150;
franord50;FRA-NOR;D152;-50;;;franor.d015250;
franord50;FRA-NOR;D152E1;-50;;;franor.d0152e150;
franord50;FRA-NOR;D153;-50;;;franor.d015350;
franord50;FRA-NOR;D154;-50;;;franor.d015450;
franord50;FRA-NOR;D155;-50;;;franor.d015550;
franord50;FRA-NOR;D156;-50;;;franor.d015650;
franord50;FRA-NOR;D156E1;-50;;;franor.d0156e150;
franord50;FRA-NOR;D157;-50;Not;Notre-Dame-du-Touchet;franor.d015750not;
franord50;FRA-NOR;D157;-50;;Ger;franor.d015750;
franord50;FRA-NOR;D158;-50;;;franor.d015850;
franord50;FRA-NOR;D159;-50;;;franor.d015950;
franord50;FRA-NOR;D160;-50;;;franor.d016050;
franord50;FRA-NOR;D160E1;-50;;;franor.d0160e150;
franord50;FRA-NOR;D161;-50;;;franor.d016150;
franord50;FRA-NOR;D161E1;-50;;;franor.d0161e150;
franord50;FRA-NOR;D162;-50;;;franor.d016250;
franord50;FRA-NOR;D163;-50;;;franor.d016350;
franord50;FRA-NOR;D164;-50;;;franor.d016450;
franord50;FRA-NOR;D164E1;-50;;;franor.d0164e150;
franord50;FRA-NOR;D165;-50;;;franor.d016550;
franord50;FRA-NOR;D165E1;-50;;;franor.d0165e150;
franord50;FRA-NOR;D165E2;-50;;;franor.d0165e250;
franord50;FRA-NOR;D166;-50;;;franor.d016650;
franord50;FRA-NOR;D166E1;-50;;;franor.d0166e150;
franord50;FRA-NOR;D167;-50;;;franor.d016750;
franord50;FRA-NOR;D168;-50;;;franor.d016850;
franord50;FRA-NOR;D168E;-50;;;franor.d0168e50;
franord50;FRA-NOR;D169;-50;;;franor.d016950;
franord50;FRA-NOR;D169E1;-50;;;franor.d0169e150;
franord50;FRA-NOR;D169E2;-50;;;franor.d0169e250;
franord50;FRA-NOR;D170;-50;;;franor.d017050;
franord50;FRA-NOR;D171;-50;;;franor.d017150;
franord50;FRA-NOR;D172;-50;;;franor.d017250;
franord50;FRA-NOR;D173;-50;;;franor.d017350;
franord50;FRA-NOR;D174;-50;;;franor.d017450;
franord50;FRA-NOR;D175;-50;;;franor.d017550;
franord50;FRA-NOR;D175E1;-50;;;franor.d0175e150;
franord50;FRA-NOR;D176;-50;;;franor.d017650;
franord50;FRA-NOR;D177;-50;;;franor.d017750;
franord50;FRA-NOR;D178;-50;;;franor.d017850;
franord50;FRA-NOR;D178E1;-50;;;franor.d0178e150;
franord50;FRA-NOR;D178E2;-50;;;franor.d0178e250;
franord50;FRA-NOR;D179;-50;;Le Mesnil-Gilbert;franor.d017950;
franord50;FRA-NOR;D179;-50;Bel;Bellevue;franor.d017950bel;
franord50;FRA-NOR;D180;-50;;;franor.d018050;
franord50;FRA-NOR;D181;-50;;;franor.d018150;
franord50;FRA-NOR;D182;-50;;;franor.d018250;
franord50;FRA-NOR;D183;-50;;;franor.d018350;
franord50;FRA-NOR;D184;-50;Mit;Le Mitouin;franor.d018450mit;
franord50;FRA-NOR;D184;-50;;Les Champs-Laurent;franor.d018450;
franord50;FRA-NOR;D185;-50;;;franor.d018550;
franord50;FRA-NOR;D186;-50;;;franor.d018650;
franord50;FRA-NOR;D187;-50;;;franor.d018750;
franord50;FRA-NOR;D188;-50;;;franor.d018850;
franord50;FRA-NOR;D188E;-50;;;franor.d0188e50;
franord50;FRA-NOR;D189;-50;;;franor.d018950;
franord50;FRA-NOR;D190;-50;;;franor.d019050;
franord50;FRA-NOR;D191;-50;;;franor.d019150;
franord50;FRA-NOR;D191E1;-50;;;franor.d0191e150;
franord50;FRA-NOR;D191E2;-50;;;franor.d0191e250;
franord50;FRA-NOR;D192;-50;;;franor.d019250;
franord50;FRA-NOR;D193;-50;;;franor.d019350;
franord50;FRA-NOR;D193E;-50;;;franor.d0193e50;
franord50;FRA-NOR;D193E1;-50;;;franor.d0193e150;
franord50;FRA-NOR;D194;-50;;;franor.d019450;
franord50;FRA-NOR;D195;-50;;;franor.d019550;
franord50;FRA-NOR;D196;-50;;;franor.d019650;
franord50;FRA-NOR;D197;-50;;;franor.d019750;
franord50;FRA-NOR;D198;-50;;;franor.d019850;
franord50;FRA-NOR;D199;-50;;;franor.d019950;
franord50;FRA-NOR;D200;-50;;;franor.d020050;
franord50;FRA-NOR;D200E1;-50;;;franor.d0200e150;
franord50;FRA-NOR;D200E2;-50;;;franor.d0200e250;
franord50;FRA-NOR;D200E3;-50;;;franor.d0200e350;
franord50;FRA-NOR;D201;-50;;;franor.d020150;
franord50;FRA-NOR;D202;-50;;;franor.d020250;
franord50;FRA-NOR;D203;-50;;;franor.d020350;
franord50;FRA-NOR;D203E1;-50;;;franor.d0203e150;
franord50;FRA-NOR;D204;-50;;;franor.d020450;
franord50;FRA-NOR;D205;-50;;Le Mesnil-Rainfray;franor.d020550;
franord50;FRA-NOR;D205;-50;Bio;Bion;franor.d020550bio;
franord50;FRA-NOR;D205E1;-50;;;franor.d0205e150;
franord50;FRA-NOR;D206;-50;;;franor.d020650;
franord50;FRA-NOR;D206E;-50;;;franor.d0206e50;
franord50;FRA-NOR;D207;-50;;;franor.d020750;
franord50;FRA-NOR;D207E1;-50;;;franor.d0207e150;
franord50;FRA-NOR;D208;-50;;;franor.d020850;
franord50;FRA-NOR;D208E1;-50;;;franor.d0208e150;
franord50;FRA-NOR;D208E2;-50;;;franor.d0208e250;
franord50;FRA-NOR;D209;-50;Che;Chérencé-le-Héron;franor.d020950che;
franord50;FRA-NOR;D209;-50;;Saint-Laurent-de-Cuves;franor.d020950;
franord50;FRA-NOR;D210;-50;;;franor.d021050;
franord50;FRA-NOR;D212;-50;;;franor.d021250;
franord50;FRA-NOR;D213;-50;;;franor.d021350;
franord50;FRA-NOR;D213E1;-50;;;franor.d0213e150;
franord50;FRA-NOR;D213E2;-50;;;franor.d0213e250;
franord50;FRA-NOR;D213E3;-50;;;franor.d0213e350;
franord50;FRA-NOR;D214;-50;;;franor.d021450;
franord50;FRA-NOR;D215;-50;;;franor.d021550;
franord50;FRA-NOR;D216;-50;;;franor.d021650;
franord50;FRA-NOR;D216E1;-50;;;franor.d0216e150;
franord50;FRA-NOR;D216E2;-50;;;franor.d0216e250;
franord50;FRA-NOR;D216E3;-50;;;franor.d0216e350;
franord50;FRA-NOR;D218;-50;;;franor.d021850;
franord50;FRA-NOR;D219;-50;;;franor.d021950;
franord50;FRA-NOR;D220;-50;;;franor.d022050;
franord50;FRA-NOR;D221;-50;;;franor.d022150;
franord50;FRA-NOR;D222;-50;;;franor.d022250;
franord50;FRA-NOR;D223;-50;;;franor.d022350;
franord50;FRA-NOR;D224;-50;;;franor.d022450;
franord50;FRA-NOR;D225;-50;;;franor.d022550;
franord50;FRA-NOR;D226;-50;;;franor.d022650;
franord50;FRA-NOR;D227;-50;;;franor.d022750;
franord50;FRA-NOR;D228;-50;;;franor.d022850;
franord50;FRA-NOR;D229;-50;;;franor.d022950;
franord50;FRA-NOR;D229E;-50;;;franor.d0229e50;
franord50;FRA-NOR;D230;-50;;;franor.d023050;
franord50;FRA-NOR;D231;-50;;;franor.d023150;
franord50;FRA-NOR;D233;-50;;;franor.d023350;
franord50;FRA-NOR;D233E;-50;;;franor.d0233e50;
franord50;FRA-NOR;D234;-50;;;franor.d023450;
franord50;FRA-NOR;D235;-50;;;franor.d023550;
franord50;FRA-NOR;D236;-50;;Hudimesnil;franor.d023650;
franord50;FRA-NOR;D236;-50;Den;Saint-Denis-le-Gast;franor.d023650den;
franord50;FRA-NOR;D236E1;-50;;;franor.d0236e150;
franord50;FRA-NOR;D237;-50;;;franor.d023750;
franord50;FRA-NOR;D238;-50;;;franor.d023850;
franord50;FRA-NOR;D238E;-50;;;franor.d0238e50;
franord50;FRA-NOR;D238E1;-50;;;franor.d0238e150;
franord50;FRA-NOR;D239;-50;;;franor.d023950;
franord50;FRA-NOR;D239E1;-50;;;franor.d0239e150;
franord50;FRA-NOR;D240;-50;;;franor.d024050;
franord50;FRA-NOR;D241;-50;;;franor.d024150;
franord50;FRA-NOR;D242;-50;;;franor.d024250;
franord50;FRA-NOR;D243;-50;;;franor.d024350;
franord50;FRA-NOR;D244;-50;;;franor.d024450;
franord50;FRA-NOR;D245;-50;;;franor.d024550;
franord50;FRA-NOR;D246;-50;;;franor.d024650;
franord50;FRA-NOR;D247;-50;;;franor.d024750;
franord50;FRA-NOR;D248;-50;;;franor.d024850;
franord50;FRA-NOR;D249;-50;;;franor.d024950;
franord50;FRA-NOR;D250;-50;;;franor.d025050;
franord50;FRA-NOR;D251;-50;Sou;Soulles;franor.d025150sou;
franord50;FRA-NOR;D251;-50;;Saint-Romphaire;franor.d025150;
franord50;FRA-NOR;D252;-50;;;franor.d025250;
franord50;FRA-NOR;D253;-50;;;franor.d025350;
franord50;FRA-NOR;D253E;-50;;;franor.d0253e50;
franord50;FRA-NOR;D254;-50;;;franor.d025450;
franord50;FRA-NOR;D255;-50;;;franor.d025550;
franord50;FRA-NOR;D256;-50;;;franor.d025650;
franord50;FRA-NOR;D256E;-50;;;franor.d0256e50;
franord50;FRA-NOR;D257;-50;;;franor.d025750;
franord50;FRA-NOR;D258;-50;;;franor.d025850;
franord50;FRA-NOR;D258E;-50;;;franor.d0258e50;
franord50;FRA-NOR;D259;-50;;Notre-Dame-d’Elle;franor.d025950;
franord50;FRA-NOR;D259;-50;Mes;Le Mesnil-Raoult;franor.d025950mes;
franord50;FRA-NOR;D260;-50;;;franor.d026050;
franord50;FRA-NOR;D261;-50;;;franor.d026150;
franord50;FRA-NOR;D262;-50;;Bricquebosq;franor.d026250;
franord50;FRA-NOR;D262;-50;Sot;Sottevast;franor.d026250sot;
franord50;FRA-NOR;D262E1;-50;;;franor.d0262e150;
franord50;FRA-NOR;D262E2;-50;;;franor.d0262e250;
franord50;FRA-NOR;D263;-50;Gen;Gendre;franor.d026350gen;
franord50;FRA-NOR;D263;-50;;Montaigu-la-Brisette;franor.d026350;
franord50;FRA-NOR;D264;-50;;;franor.d026450;
franord50;FRA-NOR;D265;-50;;;franor.d026550;
franord50;FRA-NOR;D265E1;-50;;;franor.d0265e150;
franord50;FRA-NOR;D266;-50;;;franor.d026650;
franord50;FRA-NOR;D267;-50;;;franor.d026750;
franord50;FRA-NOR;D268;-50;;;franor.d026850;
franord50;FRA-NOR;D269;-50;;Fresville;franor.d026950;
franord50;FRA-NOR;D269;-50;Mar;Saint-Marcouf;franor.d026950mar;
franord50;FRA-NOR;D269E2;-50;;;franor.d0269e250;
franord50;FRA-NOR;D270;-50;;;franor.d027050;
franord50;FRA-NOR;D271;-50;Urv;Urville;franor.d027150urv;
franord50;FRA-NOR;D271;-50;;Hémevez;franor.d027150;
franord50;FRA-NOR;D271;-50;Oze;Ozeville;franor.d027150oze;
franord50;FRA-NOR;D272;-50;;;franor.d027250;
franord50;FRA-NOR;D272E2;-50;;;franor.d0272e250;
franord50;FRA-NOR;D273;-50;;;franor.d027350;
franord50;FRA-NOR;D274;-50;;;franor.d027450;
franord50;FRA-NOR;D275;-50;;;franor.d027550;
franord50;FRA-NOR;D276;-50;;Belval;franor.d027650;
franord50;FRA-NOR;D276;-50;Den;Saint-Denis-le-Vêtu;franor.d027650den;
franord50;FRA-NOR;D276E;-50;;;franor.d0276e50;
franord50;FRA-NOR;D277;-50;;;franor.d027750;
franord50;FRA-NOR;D278;-50;;;franor.d027850;
franord50;FRA-NOR;D279;-50;;;franor.d027950;
franord50;FRA-NOR;D280;-50;;;franor.d028050;
franord50;FRA-NOR;D281;-50;;;franor.d028150;
franord50;FRA-NOR;D282;-50;Mic;Saint-Michel-de-Montjoie;franor.d028250mic;
franord50;FRA-NOR;D282;-50;;Saint-Clément;franor.d028250;
franord50;FRA-NOR;D283;-50;;;franor.d028350;
franord50;FRA-NOR;D284;-50;;;franor.d028450;
franord50;FRA-NOR;D285;-50;;;franor.d028550;
franord50;FRA-NOR;D286;-50;;;franor.d028650;
franord50;FRA-NOR;D287;-50;;;franor.d028750;
franord50;FRA-NOR;D288;-50;;;franor.d028850;
franord50;FRA-NOR;D289;-50;;;franor.d028950;
franord50;FRA-NOR;D289E1;-50;;;franor.d0289e150;
franord50;FRA-NOR;D290;-50;;;franor.d029050;
franord50;FRA-NOR;D290E1;-50;;;franor.d0290e150;
franord50;FRA-NOR;D291;-50;;;franor.d029150;
franord50;FRA-NOR;D292;-50;;;franor.d029250;
franord50;FRA-NOR;D293;-50;Heu;Heugueville-sur-Sienne;franor.d029350heu;
franord50;FRA-NOR;D293;-50;;Monthuchon;franor.d029350;
franord50;FRA-NOR;D293E1;-50;;;franor.d0293e150;
franord50;FRA-NOR;D294;-50;;;franor.d029450;
franord50;FRA-NOR;D294E;-50;;;franor.d0294e50;
franord50;FRA-NOR;D295;-50;;;franor.d029550;
franord50;FRA-NOR;D296;-50;;;franor.d029650;
franord50;FRA-NOR;D297;-50;;;franor.d029750;
franord50;FRA-NOR;D298;-50;;Muneville-sur-Mer;franor.d029850;
franord50;FRA-NOR;D298;-50;Len;Lengronne;franor.d029850len;
franord50;FRA-NOR;D298E1;-50;;;franor.d0298e150;
franord50;FRA-NOR;D299;-50;;;franor.d029950;
franord50;FRA-NOR;D299E1;-50;;;franor.d0299e150;
franord50;FRA-NOR;D301;-50;;;franor.d030150;
franord50;FRA-NOR;D302;-50;;;franor.d030250;
franord50;FRA-NOR;D302E;-50;;;franor.d0302e50;
franord50;FRA-NOR;D303;-50;;;franor.d030350;
franord50;FRA-NOR;D304;-50;;;franor.d030450;
franord50;FRA-NOR;D306;-50;;;franor.d030650;
franord50;FRA-NOR;D306E1;-50;;;franor.d0306e150;
franord50;FRA-NOR;D306E2;-50;;;franor.d0306e250;
franord50;FRA-NOR;D307;-50;;;franor.d030750;
franord50;FRA-NOR;D307E2;-50;;;franor.d0307e250;
franord50;FRA-NOR;D308;-50;;;franor.d030850;
franord50;FRA-NOR;D309;-50;;;franor.d030950;
franord50;FRA-NOR;D310;-50;;;franor.d031050;
franord50;FRA-NOR;D310E1;-50;;;franor.d0310e150;
franord50;FRA-NOR;D311;-50;;;franor.d031150;
franord50;FRA-BRE;D311;-50;;;frabre.d031150;
franord50;FRA-NOR;D312;-50;;;franor.d031250;
franord50;FRA-NOR;D313;-50;;;franor.d031350;
franord50;FRA-NOR;D313E;-50;;;franor.d0313e50;
franord50;FRA-NOR;D314;-50;;;franor.d031450;
franord50;FRA-NOR;D315;-50;;;franor.d031550;
franord50;FRA-NOR;D316;-50;;;franor.d031650;
franord50;FRA-NOR;D317;-50;;;franor.d031750;
franord50;FRA-NOR;D318;-50;;;franor.d031850;
franord50;FRA-NOR;D318E1;-50;;;franor.d0318e150;
franord50;FRA-NOR;D318E2;-50;;;franor.d0318e250;
franord50;FRA-NOR;D319;-50;;;franor.d031950;
franord50;FRA-NOR;D320;-50;;;franor.d032050;
franord50;FRA-NOR;D322;-50;;;franor.d032250;
franord50;FRA-NOR;D323;-50;;;franor.d032350;
franord50;FRA-NOR;D324;-50;;;franor.d032450;
franord50;FRA-NOR;D325;-50;;;franor.d032550;
franord50;FRA-NOR;D325E1;-50;;;franor.d0325e150;
franord50;FRA-NOR;D326;-50;;;franor.d032650;
franord50;FRA-NOR;D326E1;-50;;;franor.d0326e150;
franord50;FRA-NOR;D327;-50;;;franor.d032750;
franord50;FRA-NOR;D328;-50;;;franor.d032850;
franord50;FRA-NOR;D328E1;-50;;;franor.d0328e150;
franord50;FRA-NOR;D329;-50;;;franor.d032950;
franord50;FRA-NOR;D329E1;-50;;;franor.d0329e150;
franord50;FRA-NOR;D330;-50;;;franor.d033050;
franord50;FRA-NOR;D331;-50;;;franor.d033150;
franord50;FRA-NOR;D332;-50;;;franor.d033250;
franord50;FRA-NOR;D333;-50;;;franor.d033350;
franord50;FRA-NOR;D333E1;-50;;;franor.d0333e150;
franord50;FRA-NOR;D334;-50;;;franor.d033450;
franord50;FRA-NOR;D334E;-50;;;franor.d0334e50;
franord50;FRA-NOR;D335;-50;;;franor.d033550;
franord50;FRA-NOR;D336;-50;;;franor.d033650;
franord50;FRA-NOR;D337;-50;;;franor.d033750;
franord50;FRA-NOR;D338;-50;;;franor.d033850;
franord50;FRA-NOR;D339;-50;;Feugères;franor.d033950;
franord50;FRA-NOR;D339;-50;Mes;Le Mesnil-Vigot;franor.d033950mes;
franord50;FRA-NOR;D340;-50;;Nay;franor.d034050;
franord50;FRA-NOR;D340;-50;Per;Périers;franor.d034050per;
franord50;FRA-NOR;D341;-50;;;franor.d034150;
franord50;FRA-NOR;D341E1;-50;;;franor.d0341e150;
franord50;FRA-NOR;D341E2;-50;;;franor.d0341e250;
franord50;FRA-NOR;D341E3;-50;;;franor.d0341e350;
franord50;FRA-NOR;D342;-50;;;franor.d034250;
franord50;FRA-NOR;D343;-50;;;franor.d034350;
franord50;FRA-NOR;D344;-50;;;franor.d034450;
franord50;FRA-NOR;D344E1;-50;;;franor.d0344e150;
franord50;FRA-NOR;D345;-50;;;franor.d034550;
franord50;FRA-NOR;D346;-50;;;franor.d034650;
franord50;FRA-NOR;D346E;-50;;;franor.d0346e50;
franord50;FRA-NOR;D347;-50;;;franor.d034750;
franord50;FRA-NOR;D347E1;-50;;;franor.d0347e150;
franord50;FRA-NOR;D347E2;-50;;;franor.d0347e250;
franord50;FRA-NOR;D348;-50;;;franor.d034850;
franord50;FRA-NOR;D349;-50;;;franor.d034950;
franord50;FRA-NOR;D350;-50;;;franor.d035050;
franord50;FRA-NOR;D351;-50;;;franor.d035150;
franord50;FRA-NOR;D352;-50;;Martinvast;franor.d035250;
franord50;FRA-NOR;D352;-50;Tol;Tollevast;franor.d035250tol;
franord50;FRA-NOR;D352E;-50;;;franor.d0352e50;
franord50;FRA-NOR;D353;-50;;;franor.d035350;
franord50;FRA-NOR;D354;-50;;;franor.d035450;
franord50;FRA-NOR;D355;-50;;;franor.d035550;
franord50;FRA-NOR;D356;-50;;;franor.d035650;
franord50;FRA-NOR;D357;-50;;;franor.d035750;
franord50;FRA-NOR;D358;-50;;;franor.d035850;
franord50;FRA-NOR;D359;-50;;;franor.d035950;
franord50;FRA-NOR;D360;-50;;;franor.d036050;
franord50;FRA-NOR;D361;-50;;;franor.d036150;
franord50;FRA-NOR;D362;-50;;;franor.d036250;
franord50;FRA-NOR;D363;-50;;;franor.d036350;
franord50;FRA-NOR;D364;-50;;;franor.d036450;
franord50;FRA-NOR;D366;-50;;Fierville-les-Mines;franor.d036650;
franord50;FRA-NOR;D366;-50;Bau;Baudreville;franor.d036650bau;
franord50;FRA-NOR;D367;-50;;;franor.d036750;
franord50;FRA-NOR;D368;-50;;;franor.d036850;
franord50;FRA-NOR;D369;-50;;;franor.d036950;
franord50;FRA-NOR;D370;-50;;;franor.d037050;
franord50;FRA-NOR;D371;-50;;;franor.d037150;
franord50;FRA-NOR;D372;-50;;;franor.d037250;
franord50;FRA-NOR;D372E1;-50;;;franor.d0372e150;
franord50;FRA-NOR;D373;-50;;;franor.d037350;
franord50;FRA-NOR;D374;-50;;Tessy-sur-Vire;franor.d037450;
franord50;FRA-NOR;D374;-50;Vig;Saint-Vigor-des-Monts;franor.d037450vig;
franord50;FRA-NOR;D375;-50;Bri;Bricqueville-sur-Mer;franor.d037550bri;
franord50;FRA-NOR;D375;-50;;Saint-Sauveur-la-Pommeraye;franor.d037550;
franord50;FRA-NOR;D375E;-50;;;franor.d0375e50;
franord50;FRA-NOR;D376;-50;Reg;Regnéville-sur-Mer;franor.d037650reg;
franord50;FRA-NOR;D376;-50;;Urville;franor.d037650;
franord50;FRA-NOR;D376E1;-50;;;franor.d0376e150;
franord50;FRA-NOR;D377;-50;;;franor.d037750;
franord50;FRA-NOR;D377E1;-50;;;franor.d0377e150;
franord50;FRA-NOR;D377E2;-50;;;franor.d0377e250;
franord50;FRA-NOR;D378;-50;;;franor.d037850;
franord50;FRA-NOR;D379;-50;;;franor.d037950;
franord50;FRA-NOR;D379E;-50;;;franor.d0379e50;
franord50;FRA-NOR;D380;-50;;;franor.d038050;
franord50;FRA-NOR;D382;-50;;;franor.d038250;
franord50;FRA-NOR;D383;-50;Que;Quettreville-sur-Sienne;franor.d038350que;
franord50;FRA-NOR;D383;-50;;Contrières;franor.d038350;
franord50;FRA-NOR;D384;-50;;;franor.d038450;
franord50;FRA-NOR;D386;-50;;;franor.d038650;
franord50;FRA-NOR;D387;-50;;;franor.d038750;
franord50;FRA-NOR;D388;-50;;;franor.d038850;
franord50;FRA-NOR;D389;-50;Gra;Graignes-Mesnil-Angot;franor.d038950gra;
franord50;FRA-NOR;D389;-50;;Le Dézert;franor.d038950;
franord50;FRA-NOR;D389E1;-50;;;franor.d0389e150;
franord50;FRA-NOR;D389E2;-50;;;franor.d0389e250;
franord50;FRA-NOR;D390;-50;;;franor.d039050;
franord50;FRA-NOR;D390E;-50;;;franor.d0390e50;
franord50;FRA-NOR;D391;-50;;;franor.d039150;
franord50;FRA-NOR;D392;-50;;;franor.d039250;
franord50;FRA-NOR;D392E;-50;;;franor.d0392e50;
franord50;FRA-NOR;D393;-50;Gef;Geffosses;franor.d039350gef;
franord50;FRA-NOR;D393;-50;;Ancteville;franor.d039350;
franord50;FRA-NOR;D394;-50;;;franor.d039450;
franord50;FRA-NOR;D395;-50;;;franor.d039550;
franord50;FRA-NOR;D396;-50;;Troisgots;franor.d039650;
franord50;FRA-NOR;D396;-50;Tor;Torigny-les-Villes;franor.d039650tor;
franord50;FRA-NOR;D397;-50;;;franor.d039750;
franord50;FRA-NOR;D398;-50;;;franor.d039850;
franord50;FRA-NOR;D398E;-50;;;franor.d0398e50;
franord50;FRA-NOR;D399;-50;;;franor.d039950;
franord50;FRA-NOR;D400;-50;;;franor.d040050;
franord50;FRA-NOR;D401;-50;;;franor.d040150;
franord50;FRA-NOR;D401E1;-50;;;franor.d0401e150;
franord50;FRA-NOR;D401E2;-50;;;franor.d0401e250;
franord50;FRA-NOR;D402;-50;Ger;Saint-Germain-des-Vaux;franor.d040250ger;
franord50;FRA-NOR;D402;-50;;Gréville-Hague;franor.d040250;
franord50;FRA-NOR;D402E1;-50;;;franor.d0402e150;
franord50;FRA-NOR;D402E2;-50;;;franor.d0402e250;
franord50;FRA-NOR;D402E3;-50;;;franor.d0402e350;
franord50;FRA-NOR;D402E4;-50;;;franor.d0402e450;
franord50;FRA-NOR;D403;-50;Omo;Omonville-la-Petite;franor.d040350omo;
franord50;FRA-NOR;D403;-50;;Herqueville;franor.d040350;
franord50;FRA-NOR;D403E1;-50;;;franor.d0403e150;
franord50;FRA-NOR;D404;-50;;;franor.d040450;
franord50;FRA-NOR;D404E1;-50;;;franor.d0404e150;
franord50;FRA-NOR;D405;-50;;Héauville;franor.d040550;
franord50;FRA-NOR;D405;-50;Acq;Acqueville;franor.d040550acq;
franord50;FRA-NOR;D406;-50;;;franor.d040650;
franord50;FRA-NOR;D406E1;-50;;;franor.d0406e150;
franord50;FRA-NOR;D407;-50;;;franor.d040750;
franord50;FRA-NOR;D408;-50;;;franor.d040850;
franord50;FRA-NOR;D409;-50;;;franor.d040950;
franord50;FRA-NOR;D409E1;-50;;;franor.d0409e150;
franord50;FRA-NOR;D410;-50;;;franor.d041050;
franord50;FRA-NOR;D411;-50;;;franor.d041150;
franord50;FRA-NOR;D411E1;-50;;;franor.d0411e150;
franord50;FRA-NOR;D412;-50;;Saint-Pierre-Église;franor.d041250;
franord50;FRA-NOR;D412;-50;Gon;Gonneville;franor.d041250gon;
franord50;FRA-NOR;D412E1;-50;;;franor.d0412e150;
franord50;FRA-NOR;D413;-50;;;franor.d041350;
franord50;FRA-NOR;D413E1;-50;;;franor.d0413e150;
franord50;FRA-NOR;D413E2;-50;;;franor.d0413e250;
franord50;FRA-NOR;D414;-50;;;franor.d041450;
franord50;FRA-NOR;D415;-50;;;franor.d041550;
franord50;FRA-NOR;D416;-50;;;franor.d041650;
franord50;FRA-NOR;D417;-50;;Tamerville;franor.d041750;
franord50;FRA-NOR;D417;-50;Les;Lestre;franor.d041750les;
franord50;FRA-NOR;D418;-50;;;franor.d041850;
franord50;FRA-NOR;D418E;-50;;;franor.d0418e50;
franord50;FRA-NOR;D419;-50;;;franor.d041950;
franord50;FRA-NOR;D420;-50;;;franor.d042050;
franord50;FRA-NOR;D421;-50;;;franor.d042150;
franord50;FRA-NOR;D422;-50;Vre;Le Vrétot;franor.d042250vre;
franord50;FRA-NOR;D422;-50;Per;Les Perques;franor.d042250per;
franord50;FRA-NOR;D422;-50;Fie;Fierville-les-Mines;franor.d042250fie;
franord50;FRA-NOR;D422;-50;;Taillepied;franor.d042250;
franord50;FRA-NOR;D423;-50;;Saint-Martin-de-Varreville;franor.d042350;
franord50;FRA-NOR;D423;-50;Car;Carquebut;franor.d042350car;
franord50;FRA-NOR;D423E1;-50;;;franor.d0423e150;
franord50;FRA-NOR;D424;-50;;;franor.d042450;
franord50;FRA-NOR;D424E1;-50;;;franor.d0424e150;
franord50;FRA-NOR;D424E2;-50;;;franor.d0424e250;
franord50;FRA-NOR;D425;-50;;Les Moitiers-d’Allonne;franor.d042550;
franord50;FRA-NOR;D425;-50;Geo;Saint-Georges-de-la-Rivière;franor.d042550geo;
franord50;FRA-NOR;D426;-50;Sim;Saint-Siméon;franor.d042650sim;
franord50;FRA-NOR;D426;-50;Gen;Gennetot;franor.d042650gen;
franord50;FRA-NOR;D426;-50;;Baudreville;franor.d042650;
franord50;FRA-NOR;D426E1;-50;;;franor.d0426e150;
franord50;FRA-NOR;D426E2;-50;;;franor.d0426e250;
franord50;FRA-NOR;D426E3;-50;;;franor.d0426e350;
franord50;FRA-NOR;D427;-50;;;franor.d042750;
franord50;FRA-NOR;D428;-50;;Vindefontaine;franor.d042850;
franord50;FRA-NOR;D428;-50;App;Appeville;franor.d042850app;
franord50;FRA-NOR;D429;-50;;;franor.d042950;
franord50;FRA-NOR;D430;-50;;;franor.d043050;
franord50;FRA-NOR;D430E;-50;;;franor.d0430e50;
franord50;FRA-NOR;D431;-50;;;franor.d043150;
franord50;FRA-NOR;D431E;-50;;;franor.d0431e50;
franord50;FRA-NOR;D431E1;-50;;;franor.d0431e150;
franord50;FRA-NOR;D432;-50;;;franor.d043250;
franord50;FRA-NOR;D432E1;-50;;;franor.d0432e150;
franord50;FRA-NOR;D433;-50;;;franor.d043350;
franord50;FRA-NOR;D434;-50;;;franor.d043450;
franord50;FRA-NOR;D435;-50;;;franor.d043550;
franord50;FRA-NOR;D435E1;-50;;;franor.d0435e150;
franord50;FRA-NOR;D436;-50;;;franor.d043650;
franord50;FRA-NOR;D437;-50;;;franor.d043750;
franord50;FRA-NOR;D438;-50;;;franor.d043850;
franord50;FRA-NOR;D438E;-50;;;franor.d0438e50;
franord50;FRA-NOR;D439;-50;Reg;Regnéville-sur-Mer;franor.d043950reg;
franord50;FRA-NOR;D439;-50;;Hyenville;franor.d043950;
franord50;FRA-NOR;D440;-50;;;franor.d044050;
franord50;FRA-NOR;D441;-50;;;franor.d044150;
franord50;FRA-NOR;D441E;-50;;;franor.d0441e50;
franord50;FRA-NOR;D442;-50;;;franor.d044250;
franord50;FRA-NOR;D442E;-50;;;franor.d0442e50;
franord50;FRA-NOR;D443;-50;;Méautis;franor.d044350;
franord50;FRA-NOR;D443;-50;Cat;Catz;franor.d044350cat;
franord50;FRA-NOR;D444;-50;;;franor.d044450;
franord50;FRA-NOR;D445;-50;;;franor.d044550;
franord50;FRA-NOR;D445E1;-50;;;franor.d0445e150;
franord50;FRA-NOR;D446;-50;;Hébécrevon;franor.d044650;
franord50;FRA-NOR;D446;-50;Car;Carantilly;franor.d044650car;
franord50;FRA-NOR;D446E1;-50;;;franor.d0446e150;
franord50;FRA-NOR;D446E2;-50;;;franor.d0446e250;
franord50;FRA-NOR;D446E3;-50;;;franor.d0446e350;
franord50;FRA-NOR;D446E4;-50;;;franor.d0446e450;
franord50;FRA-NOR;D447;-50;;;franor.d044750;
franord50;FRA-NOR;D448;-50;;;franor.d044850;
franord50;FRA-NOR;D449;-50;;;franor.d044950;
franord50;FRA-NOR;D449E1;-50;;;franor.d0449e150;
franord50;FRA-NOR;D451;-50;;;franor.d045150;
franord50;FRA-NOR;D452;-50;;;franor.d045250;
franord50;FRA-NOR;D452E1;-50;;;franor.d0452e150;
franord50;FRA-NOR;D453;-50;;;franor.d045350;
franord50;FRA-NOR;D454;-50;;;franor.d045450;
franord50;FRA-NOR;D454E1;-50;;;franor.d0454e150;
franord50;FRA-NOR;D455;-50;;;franor.d045550;
franord50;FRA-NOR;D455E;-50;;;franor.d0455e50;
franord50;FRA-NOR;D456;-50;;;franor.d045650;
franord50;FRA-NOR;D456E1;-50;;;franor.d0456e150;
franord50;FRA-NOR;D457;-50;;;franor.d045750;
franord50;FRA-NOR;D457E1;-50;;;franor.d0457e150;
franord50;FRA-NOR;D458;-50;;;franor.d045850;
franord50;FRA-NOR;D458E1;-50;;;franor.d0458e150;
franord50;FRA-NOR;D459;-50;;;franor.d045950;
franord50;FRA-NOR;D460;-50;;;franor.d046050;
franord50;FRA-NOR;D460E1;-50;;;franor.d0460e150;
franord50;FRA-NOR;D461;-50;;;franor.d046150;
franord50;FRA-NOR;D461E1;-50;;;franor.d0461e150;
franord50;FRA-NOR;D461E2;-50;;;franor.d0461e250;
franord50;FRA-NOR;D462;-50;;;franor.d046250;
franord50;FRA-NOR;D463;-50;Boi;Boisyvon;franor.d046350boi;
franord50;FRA-NOR;D463;-50;;Saint-Laurent-de-Cuves;franor.d046350;
franord50;FRA-NOR;D465;-50;;;franor.d046550;
franord50;FRA-NOR;D466;-50;;;franor.d046650;
franord50;FRA-NOR;D467;-50;;;franor.d046750;
franord50;FRA-NOR;D468;-50;;;franor.d046850;
franord50;FRA-NOR;D469;-50;;;franor.d046950;
franord50;FRA-NOR;D470;-50;;;franor.d047050;
franord50;FRA-NOR;D471;-50;;;franor.d047150;
franord50;FRA-NOR;D472;-50;;;franor.d047250;
franord50;FRA-NOR;D472E1;-50;;;franor.d0472e150;
franord50;FRA-NOR;D473;-50;;;franor.d047350;
franord50;FRA-NOR;D474;-50;;;franor.d047450;
franord50;FRA-NOR;D474E1;-50;;;franor.d0474e150;
franord50;FRA-NOR;D475;-50;;;franor.d047550;
franord50;FRA-NOR;D475E1;-50;;;franor.d0475e150;
franord50;FRA-NOR;D475E2;-50;;La Teinturière;franor.d0475e250;
franord50;FRA-NOR;D475E2;-50;Fol;Folligny;franor.d0475e250fol;
franord50;FRA-NOR;D476;-50;;;franor.d047650;
franord50;FRA-NOR;D476E1;-50;;;franor.d0476e150;
franord50;FRA-NOR;D477;-50;;;franor.d047750;
franord50;FRA-NOR;D478;-50;;;franor.d047850;
franord50;FRA-NOR;D479;-50;;;franor.d047950;
franord50;FRA-NOR;D480;-50;;Saint-James;franor.d048050;
franord50;FRA-NOR;D480;-50;Gau;La Gautraie;franor.d048050gau;
franord50;FRA-NOR;D481;-50;;;franor.d048150;
franord50;FRA-NOR;D481E1;-50;;;franor.d0481e150;
franord50;FRA-NOR;D481E2;-50;;;franor.d0481e250;
franord50;FRA-NOR;D482;-50;;;franor.d048250;
franord50;FRA-NOR;D483;-50;;;franor.d048350;
franord50;FRA-NOR;D484;-50;;;franor.d048450;
franord50;FRA-NOR;D485;-50;;;franor.d048550;
franord50;FRA-NOR;D485E1;-50;;;franor.d0485e150;
franord50;FRA-NOR;D486;-50;;;franor.d048650;
franord50;FRA-NOR;D486E1;-50;;;franor.d0486e150;
franord50;FRA-NOR;D487;-50;;;franor.d048750;
franord50;FRA-NOR;D487E1;-50;;;franor.d0487e150;
franord50;FRA-NOR;D488;-50;;;franor.d048850;
franord50;FRA-NOR;D489;-50;;;franor.d048950;
franord50;FRA-NOR;D490;-50;;;franor.d049050;
franord50;FRA-NOR;D491;-50;;;franor.d049150;
franord50;FRA-NOR;D492;-50;;;franor.d049250;
franord50;FRA-NOR;D493;-50;;;franor.d049350;
franord50;FRA-NOR;D494;-50;;;franor.d049450;
franord50;FRA-NOR;D494E1;-50;;;franor.d0494e150;
franord50;FRA-NOR;D495;-50;;;franor.d049550;
franord50;FRA-NOR;D496;-50;;;franor.d049650;
franord50;FRA-NOR;D497;-50;;;franor.d049750;
franord50;FRA-NOR;D497E1;-50;;;franor.d0497e150;
franord50;FRA-NOR;D498;-50;;;franor.d049850;
franord50;FRA-NOR;D498E;-50;;;franor.d0498e50;
franord50;FRA-NOR;D499;-50;;;franor.d049950;
franord50;FRA-NOR;D500;-50;;;franor.d050050;
franord50;FRA-NOR;D501;-50;;;franor.d050150;
franord50;FRA-NOR;D501E1;-50;;;franor.d0501e150;
franord50;FRA-NOR;D502;-50;;;franor.d050250;
franord50;FRA-NOR;D505;-50;;;franor.d050550;
franord50;FRA-NOR;D506;-50;;;franor.d050650;
franord50;FRA-NOR;D507;-50;;;franor.d050750;
franord50;FRA-NOR;D508;-50;;;franor.d050850;
franord50;FRA-NOR;D508E1;-50;;;franor.d0508e150;
franord50;FRA-NOR;D509;-50;;;franor.d050950;
franord50;FRA-NOR;D510;-50;;;franor.d051050;
franord50;FRA-NOR;D511;-50;;;franor.d051150;
franord50;FRA-NOR;D512;-50;;;franor.d051250;
franord50;FRA-NOR;D513;-50;;;franor.d051350;
franord50;FRA-NOR;D514;-50;;;franor.d051450;
franord50;FRA-NOR;D515;-50;;;franor.d051550;
franord50;FRA-NOR;D517;-50;;;franor.d051750;
franord50;FRA-NOR;D518;-50;;;franor.d051850;
franord50;FRA-NOR;D519;-50;;;franor.d051950;
franord50;FRA-NOR;D520;-50;;;franor.d052050;
franord50;FRA-NOR;D520E;-50;;;franor.d0520e50;
franord50;FRA-NOR;D522;-50;;;franor.d052250;
franord50;FRA-NOR;D523;-50;;;franor.d052350;
franord50;FRA-NOR;D523E;-50;;;franor.d0523e50;
franord50;FRA-NOR;D524;-50;;;franor.d052450;
franord50;FRA-NOR;D524E1;-50;;;franor.d0524e150;
franord50;FRA-NOR;D525;-50;;;franor.d052550;
franord50;FRA-NOR;D526;-50;Val;La Valette;franor.d052650val;
franord50;FRA-NOR;D526;-50;;Surville;franor.d052650;
franord50;FRA-NOR;D527;-50;;;franor.d052750;
franord50;FRA-NOR;D528;-50;;;franor.d052850;
franord50;FRA-NOR;D529;-50;;;franor.d052950;
franord50;FRA-NOR;D529E1;-50;;;franor.d0529e150;
franord50;FRA-NOR;D530;-50;;;franor.d053050;
franord50;FRA-NOR;D531;-50;;;franor.d053150;
franord50;FRA-NOR;D532;-50;;;franor.d053250;
franord50;FRA-NOR;D532E1;-50;;;franor.d0532e150;
franord50;FRA-NOR;D533;-50;Mes;Le Mesnilbus;franor.d053350mes;
franord50;FRA-NOR;D533;-50;;Lozon;franor.d053350;
franord50;FRA-NOR;D534;-50;;;franor.d053450;
franord50;FRA-NOR;D535;-50;Vau;Vaudrimesnil;franor.d053550vau;
franord50;FRA-NOR;D535;-50;;Saint-Sauveur-Lendelin;franor.d053550;
franord50;FRA-NOR;D535;-50;Mon;Monthuchon;franor.d053550mon;
franord50;FRA-NOR;D536;-50;;;franor.d053650;
franord50;FRA-NOR;D538;-50;;;franor.d053850;
franord50;FRA-NOR;D539;-50;;;franor.d053950;
franord50;FRA-NOR;D539E1;-50;;;franor.d0539e150;
franord50;FRA-NOR;D540;-50;;Hambye;franor.d054050;
franord50;FRA-NOR;D540;-50;Per;Percy;franor.d054050per;
franord50;FRA-NOR;D541;-50;;;franor.d054150;
franord50;FRA-NOR;D542;-50;;;franor.d054250;
franord50;FRA-NOR;D543;-50;Auv;Auvers;franor.d054350auv;
franord50;FRA-NOR;D543;-50;;Sainteny;franor.d054350;
franord50;FRA-NOR;D543E1;-50;;;franor.d0543e150;
franord50;FRA-NOR;D544;-50;;;franor.d054450;
franord50;FRA-NOR;D545;-50;;;franor.d054550;
franord50;FRA-NOR;D546;-50;;;franor.d054650;
franord50;FRA-NOR;D547;-50;;;franor.d054750;
franord50;FRA-NOR;D548;-50;;;franor.d054850;
franord50;FRA-NOR;D549;-50;;La Barre-de-Semilly;franor.d054950;
franord50;FRA-NOR;D549;-50;Man;La Mancellière-sur-Vire;franor.d054950man;
franord50;FRA-NOR;D550;-50;;;franor.d055050;
franord50;FRA-NOR;D551;-50;;;franor.d055150;
franord50;FRA-NOR;D552;-50;;;franor.d055250;
franord50;FRA-NOR;D552E;-50;;;franor.d0552e50;
franord50;FRA-NOR;D553;-50;;;franor.d055350;
franord50;FRA-NOR;D554;-50;Vil;Villedieu-les-Poêles;franor.d055450vil;
franord50;FRA-NOR;D554;-50;;Montbray;franor.d055450;
franord50;FRA-NOR;D554E1;-50;;;franor.d0554e150;
franord50;FRA-NOR;D554E2;-50;;;franor.d0554e250;
franord50;FRA-NOR;D554E3;-50;;;franor.d0554e350;
franord50;FRA-NOR;D554E4;-50;;;franor.d0554e450;
franord50;FRA-NOR;D555;-50;;;franor.d055550;
franord50;FRA-NOR;D556;-50;;;franor.d055650;
franord50;FRA-NOR;D557;-50;;;franor.d055750;
franord50;FRA-NOR;D557E1;-50;;;franor.d0557e150;
franord50;FRA-NOR;D558;-50;;;franor.d055850;
franord50;FRA-NOR;D558;-50;Gre;Giéville;franor.d055850gre;
franord50;FRA-NOR;D559;-50;;Saint-Symphorien-les-Buttes;franor.d055950;
franord50;FRA-NOR;D559E1;-50;;;franor.d0559e150;
franord50;FRA-NOR;D560;-50;;;franor.d056050;
franord50;FRA-NOR;D561;-50;;;franor.d056150;
franord50;FRA-NOR;D562;-50;;;franor.d056250;
franord50;FRA-NOR;D563;-50;;;franor.d056350;
franord50;FRA-NOR;D564;-50;;;franor.d056450;
franord50;FRA-NOR;D565;-50;;;franor.d056550;
franord50;FRA-NOR;D565E;-50;;;franor.d0565e50;
franord50;FRA-NOR;D566;-50;;;franor.d056650;
franord50;FRA-NOR;D567;-50;;;franor.d056750;
franord50;FRA-NOR;D568;-50;;;franor.d056850;
franord50;FRA-NOR;D569;-50;;;franor.d056950;
franord50;FRA-NOR;D570;-50;;;franor.d057050;
franord50;FRA-NOR;D571;-50;Jul;Jullouville;franor.d057150jul;
franord50;FRA-NOR;D571;-50;;Bouillon;franor.d057150;
franord50;FRA-NOR;D572;-50;;;franor.d057250;
franord50;FRA-NOR;D573;-50;;;franor.d057350;
franord50;FRA-NOR;D574;-50;;;franor.d057450;
franord50;FRA-NOR;D575;-50;;;franor.d057550;
franord50;FRA-NOR;D576;-50;;;franor.d057650;
franord50;FRA-NOR;D577;-50;;;franor.d057750;
franord50;FRA-NOR;D578;-50;;Muniville-sur-Mer;franor.d057850;
franord50;FRA-NOR;D578;-50;Cer;Cérences;franor.d057850cer;
franord50;FRA-NOR;D579;-50;Mes;Le Mesnil-Garnier;franor.d057950mes;
franord50;FRA-NOR;D579;-50;;Champrepus;franor.d057950;
franord50;FRA-NOR;D579E;-50;;;franor.d0579e50;
franord50;FRA-NOR;D580;-50;;;franor.d058050;
franord50;FRA-NOR;D581;-50;;;franor.d058150;
franord50;FRA-NOR;D581E;-50;;;franor.d0581e50;
franord50;FRA-NOR;D582;-50;;;franor.d058250;
franord50;FRA-NOR;D583;-50;;;franor.d058350;
franord50;FRA-NOR;D584;-50;;;franor.d058450;
franord50;FRA-NOR;D585;-50;;;franor.d058550;
franord50;FRA-NOR;D586;-50;;;franor.d058650;
franord50;FRA-NOR;D586E1;-50;;;franor.d0586e150;
franord50;FRA-NOR;D587;-50;;;franor.d058750;
franord50;FRA-NOR;D588;-50;;Buais;franor.d058850;
franord50;FRA-NOR;D588;-50;Heu;Heussé;franor.d058850heu;
franord50;FRA-NOR;D589;-50;;;franor.d058950;
franord50;FRA-NOR;D589E;-50;;;franor.d0589e50;
franord50;FRA-NOR;D590;-50;;;franor.d059050;
franord50;FRA-NOR;D591;-50;;;franor.d059150;
franord50;FRA-NOR;D591E;-50;;;franor.d0591e50;
franord50;FRA-NOR;D592;-50;;;franor.d059250;
franord50;FRA-NOR;D592E;-50;;;franor.d0592e50;
franord50;FRA-NOR;D593;-50;;;franor.d059350;
franord50;FRA-NOR;D594;-50;Cou;Coudeville-sur-Mer;franor.d059450cou;
franord50;FRA-NOR;D594;-50;;Longueville;franor.d059450;
franord50;FRA-NOR;D595;-50;;Le Mesnil-Rainfray;franor.d059550;
franord50;FRA-NOR;D595;-50;Mes;Le Mesnillard;franor.d059550mes;
franord50;FRA-NOR;D596;-50;;;franor.d059650;
franord50;FRA-NOR;D597;-50;;;franor.d059750;
franord50;FRA-NOR;D598;-50;;Hudimesnil;franor.d059850;
franord50;FRA-NOR;D598;-50;Anc;Anctoville-sur-Boscq;franor.d059850anc;
franord50;FRA-NOR;D599;-50;;;franor.d059950;
franord50;FRA-NOR;D601;-50;;;franor.d060150;
franord50;FRA-NOR;D602;-50;;;franor.d060250;
franord50;FRA-NOR;D603;-50;;;franor.d060350;
franord50;FRA-NOR;D604;-50;;;franor.d060450;
franord50;FRA-NOR;D605;-50;;;franor.d060550;
franord50;FRA-NOR;D606;-50;;;franor.d060650;
franord50;FRA-NOR;D606E;-50;;;franor.d0606e50;
franord50;FRA-NOR;D608;-50;;;franor.d060850;
franord50;FRA-NOR;D609;-50;;;franor.d060950;
franord50;FRA-NOR;D610;-50;;;franor.d061050;
franord50;FRA-NOR;D611;-50;;;franor.d061150;
franord50;FRA-NOR;D612;-50;;;franor.d061250;
franord50;FRA-NOR;D613;-50;;;franor.d061350;
franord50;FRA-NOR;D650;-50;;;franor.d065050;
franord50;FRA-NOR;D651;-50;;;franor.d065150;
franord50;FRA-NOR;D652;-50;;;franor.d065250;
franord50;FRA-NOR;D673;-50;;;franor.d067350;
franord50;FRA-NOR;D776;-50;;;franor.d077650;
franord50;FRA-NOR;D900;-50;;;franor.d090050;
franord50;FRA-NOR;D900E;-50;;;franor.d0900e50;
franord50;FRA-NOR;D900E1;-50;;;franor.d0900e150;
franord50;FRA-NOR;D900E3;-50;;;franor.d0900e350;
franord50;FRA-NOR;D901;-50;;;franor.d090150;
franord50;FRA-NOR;D901E;-50;;;franor.d0901e50;
franord50;FRA-NOR;D902;-50;;;franor.d090250;
franord50;FRA-NOR;D903;-50;;;franor.d090350;
franord50;FRA-NOR;D903E;-50;;;franor.d0903e50;
franord50;FRA-NOR;D904E;-50;Sur;Surtainville;franor.d0904e50sur;
franord50;FRA-NOR;D904E;-50;Bau;Baubigny;franor.d0904e50bau;
franord50;FRA-NOR;D904E;-50;;Les Moitiers-d’Allonne;franor.d0904e50;
franord50;FRA-NOR;D907;-50;;;franor.d090750;
franord50;FRA-NOR;D911;-50;Jul;Jullouville;franor.d091150jul;
franord50;FRA-NOR;D911;-50;;Brécey;franor.d091150;
franord50;FRA-NOR;D911E;-50;;;franor.d0911e50;
franord50;FRA-NOR;D913;-50;;;franor.d091350;
franord50;FRA-NOR;D913E1;-50;;;franor.d0913e150;
franord50;FRA-NOR;D924;-50;;;franor.d092450;
franord50;FRA-NOR;D971;-50;;;franor.d097150;
franord50;FRA-NOR;D971E1;-50;;;franor.d0971e150;
franord50;FRA-NOR;D971E2;-50;;;franor.d0971e250;
franord50;FRA-NOR;D971E3;-50;;;franor.d0971e350;
franord50;FRA-NOR;D971E5;-50;;;franor.d0971e550;
franord50;FRA-NOR;D971E6;-50;;;franor.d0971e650;
franord50;FRA-NOR;D971E9;-50;;;franor.d0971e950;
franord50;FRA-NOR;D972;-50;;;franor.d097250;
franord50;FRA-NOR;D972E1;-50;;;franor.d0972e150;
franord50;FRA-NOR;D972E2;-50;;;franor.d0972e250;
franord50;FRA-NOR;D972E3;-50;;;franor.d0972e350;
franord50;FRA-NOR;D973;-50;Sar;Sartilly;franor.d097350sar;
franord50;FRA-NOR;D973;-50;;Ponts;franor.d097350;
franord50;FRA-NOR;D974;-50;Val;Valognes;franor.d097450val;
franord50;FRA-NOR;D974;-50;Mer;Sainte-Mère-Église;franor.d097450mer;
franord50;FRA-NOR;D974;-50;;Saint-Lô;franor.d097450;
franord50;FRA-NOR;D975;-50;;Villedieu-les-Poêles;franor.d097550;
franord50;FRA-NOR;D975;-50;Pon;Pontorson;franor.d097550pon;
franord50;FRA-NOR;D976;-50;;;franor.d097650;
franord50;FRA-NOR;D977;-50;;;franor.d097750;
franord50;FRA-NOR;D977E;-50;;;franor.d0977e50;
franord50;FRA-NOR;D997;-50;;;franor.d099750;
franord50;FRA-NOR;D998;-50;;;franor.d099850;
franord50;FRA-NOR;D999;-50;;;franor.d099950;
franord50;FRA-NOR;D999E;-50;;;franor.d0999e50;
franord50;FRA-NOR;D999E1;-50;;;franor.d0999e150;
franord50;FRA-NOR;D999E2;-50;;;franor.d0999e250;
